global_iteration,chunk,local_iteration,accepted,objective,candidate_objective,merit,candidate_merit,delta_merit,defect,candidate_defect,virtual,candidate_virtual,final_time_s,candidate_final_time_s,dt,candidate_dt,rho_state_max,rho_u,rho_Tf
0,1,0,False,1120816.7774230305,932265.1209018911,1120816.7774230305,8115937.421756048,6995120.644333017,0.0,709.6204048469663,0.0,8.746825238449425,15824.87770171295,12781.631993058103,197.8109712714119,159.7703999132263,1000.0,0.5,1521.6228559339372
1,1,1,False,1120816.7774230305,1028736.3532471356,1120816.7774230305,5331115.784448995,4210299.007025965,0.0,415.6957320533693,0.0,14.542211066816694,15824.87770171295,14303.254846140737,197.8109712714119,178.79068557675922,500.0,0.25,760.8114279669686
2,1,2,False,1120816.7774230305,1075816.0872063257,1120816.7774230305,3480889.162807431,2360072.3853844004,0.0,223.06740413885564,0.0,17.439903421254932,15824.87770171295,15064.06628496681,197.8109712714119,188.30082856208512,250.0,0.125,380.4057139834843
3,1,3,False,1120816.7774230305,1098712.034613053,1120816.7774230305,2536626.080552679,1415809.3031296486,0.0,115.33582130167633,0.0,28.455583292286235,15824.87770171295,15444.472003095758,197.8109712714119,193.05590003869696,125.0,0.0625,190.20285699174215
4,1,4,False,1120816.7774230305,1109793.9491337624,1120816.7774230305,2112005.0824205624,991188.3049975319,0.0,58.60421370062977,0.0,41.616899628050206,15824.87770171295,15634.67489519479,197.8109712714119,195.43343618993487,62.5,0.03125,95.10142849587108
5,1,5,False,1120816.7774230305,1115312.7353863106,1120816.7774230305,2079650.5812547964,958833.8038317659,0.0,48.23614716888915,0.0,48.19763741795943,15824.87770171295,15729.776313741904,197.8109712714119,196.6222039217738,31.25,0.015625,47.55071424793554
6,1,6,False,1120816.7774230305,1118066.5903843935,1120816.7774230305,2147921.1232623328,1027104.3458393023,0.0,51.49745792001795,0.0,51.48799536777598,15824.87770171295,15777.3270276265,197.8109712714119,197.21658784533125,15.625,0.0078125,23.77535712396777
7,1,7,False,1120816.7774230305,1119442.1260597098,1120816.7774230305,2182128.877033324,1061312.0996102935,0.0,53.135528269608585,0.0,53.13314682775284,15824.87770171295,15801.102380691367,197.8109712714119,197.5137797586421,7.8125,0.00390625,11.887678561983885
8,1,8,False,1120816.7774230305,1120129.5502847673,1120816.7774230305,2199250.7661724766,1078433.988749446,0.0,53.956377699762015,0.0,53.95574388900893,15824.87770171295,15812.990052725532,197.8109712714119,197.66237565906914,3.90625,0.001953125,5.943839280991942
9,1,9,False,1120816.7774230305,1120473.1810819223,1120816.7774230305,2207815.7177332253,1086998.9403101949,0.0,54.367226703596316,0.0,54.367026961533995,15824.87770171295,15818.933886560071,197.8109712714119,197.7366735820009,1.953125,0.0009765625,2.971919640495971
10,1,10,False,1120816.7774230305,1120645.7562525691,1120816.7774230305,2212098.981658277,1091282.2042352466,0.0,54.572707061193796,0.0,54.57261547937701,15824.87770171295,15821.905820718921,197.8109712714119,197.7738227589865,0.9765625,0.00048828125,1.4859598202479856
11,1,11,False,1120816.7774230305,1120732.6005686242,1120816.7774230305,2214242.9703093963,1093426.1928863658,0.0,54.67555077395264,0.0,54.67548620012458,15824.87770171295,15823.391762141151,197.8109712714119,197.79239702676438,0.48828125,0.000244140625,0.7429799101239928
12,1,12,False,1120816.7774230305,1120776.0262382892,1120816.7774230305,2215313.209992446,1094496.4325694155,0.0,54.726888102632984,0.0,54.7268302727827,15824.87770171295,15824.134765374352,197.8109712714119,197.8016845671794,0.244140625,0.0001220703125,0.3714899550619964
13,1,13,False,1120816.7774230305,1120797.7363199168,1120816.7774230305,2215849.354605842,1095032.5771828115,0.0,54.75260898513352,0.0,54.752552843459,15824.87770171295,15824.506248553495,197.8109712714119,197.80632810691867,0.1220703125,6.103515625e-05,0.1857449775309982
14,1,14,False,1120816.7774230305,1120808.5921639313,1120816.7774230305,2216117.7336871065,1095300.956264076,0.0,54.765484935674976,0.0,54.76542921664254,15824.87770171295,15824.691978365357,197.8109712714119,197.80864972956698,0.06103515625,3.0517578125e-05,0.0928724887654991
15,1,15,False,1120816.7774230305,1120814.0375597002,1120816.7774230305,2216251.7866850495,1095435.009262019,0.0,54.77191526287152,0.0,54.77185964966343,15824.87770171295,15824.784850941778,197.8109712714119,197.80981063677223,0.030517578125,1.52587890625e-05,0.04643624438274955
16,1,16,False,1120816.7774230305,1120816.7522770718,1120816.7774230305,2216314.3067375813,1095497.5293145508,0.0,54.774905516595936,0.0,54.774849929455044,15824.87770171295,15824.831327940128,197.8109712714119,197.8103915992516,0.0152587890625,7.62939453125e-06,0.023218122191374774
17,1,17,False,1120816.7774230305,1120818.0932398702,1120816.7774230305,2216352.797523908,1095536.0201008774,0.0,54.77676300415169,0.0,54.77670742425208,15824.87770171295,15824.854512651955,197.8109712714119,197.81068140814943,0.00762939453125,3.814697265625e-06,0.011609061095687387
18,1,18,False,1120816.7774230305,1120818.7650154522,1120816.7774230305,2216371.8704006313,1095555.0929776009,0.0,54.77768305832615,0.0,54.77762748019178,15824.87770171295,15824.86612962768,197.8109712714119,197.810826620346,0.003814697265625,1.9073486328125e-06,0.005804530547843694
19,1,19,False,1120816.7774230305,1120819.0968302123,1120816.7774230305,2216383.45773134,1095566.6803083096,0.0,54.7782458338952,0.0,54.77819025621759,15824.87770171295,15824.87191987935,197.8109712714119,197.81089899849187,0.0019073486328125,9.5367431640625e-07,0.002902265273921847
20,1,20,False,1120816.7774230305,1120819.2684312705,1120816.7774230305,2216387.1212179936,1095570.343794963,0.0,54.778420428139725,0.0,54.7783648505326,15824.87770171295,15824.874829969984,197.8109712714119,197.8109353746248,0.00095367431640625,4.76837158203125e-07,0.0014511326369609234
21,1,21,False,1120816.7774230305,1120819.3658053293,1120816.7774230305,2216382.4913905263,1095565.7139674958,0.0,54.77818406807455,0.0,54.778128490445184,15824.87770171295,15824.87629465681,197.8109712714119,197.81095368321013,0.000476837158203125,2.384185791015625e-07,0.0007255663184804617
22,1,22,False,1120816.7774230305,1120819.4010404705,1120816.7774230305,2216387.1191941993,1095570.3417711689,0.0,54.778413696490134,0.0,54.77835811888273,15824.87770171295,15824.877019413823,197.8109712714119,197.81096274267279,0.0002384185791015625,1.1920928955078125e-07,0.00036278315924023085
23,1,23,False,1120816.7774230305,1120819.4169871367,1120816.7774230305,2216390.3046232155,1095573.527200185,0.0,54.778572170603184,0.0,54.77851659300469,15824.87770171295,15824.87737914456,197.8109712714119,197.810967239307,0.00011920928955078125,5.960464477539063e-08,0.00018139157962011543
24,1,24,False,1120816.7774230305,1120819.42471319,1120816.7774230305,2216392.1592608886,1095575.3818378581,0.0,54.77866451618138,0.0,54.77860893858849,15824.87770171295,15824.877564811652,197.8109712714119,197.81096956014565,5.9604644775390625e-05,2.9802322387695312e-08,9.069578981005771e-05
25,2,0,False,1082604.8600511726,900287.1594965854,1082604.8600511726,4336991.233885305,3254386.373834132,0.0,343.6704074386507,0.0,2.2127595185108593e-10,15257.18728114412,12323.11280443963,198.14528936550806,160.0404260316835,1000.0,0.5,1467.03723857155
26,2,1,False,1082604.8600511726,993549.528341,1082604.8600511726,3099796.3430402447,2017191.482989072,0.0,205.78075656853616,0.0,4.8439249013882835,15257.18728114412,13790.15004308815,198.14528936550806,179.0928577024435,500.0,0.25,733.518619285775
27,2,2,False,1082604.8600511726,1038976.8038620766,1082604.8600511726,2213405.023773545,1130800.1637223724,0.0,100.07442242931575,0.0,17.368399561831087,15257.18728114412,14523.668661981581,198.14528936550806,188.61907353222833,250.0,0.125,366.7593096428875
28,2,3,False,1082604.8600511726,1061181.2097428846,1082604.8600511726,1713939.076285483,631334.2162343105,0.0,34.7325386274606,0.0,30.54324802679925,15257.18728114412,14890.427976912522,198.14528936550806,193.38218151834445,125.0,0.0625,183.37965482144375
29,2,4,False,1082604.8600511726,1071921.2695565938,1082604.8600511726,1922200.1493191472,839595.2892679747,0.0,42.36703364510504,0.0,42.660854331150304,15257.18728114412,15073.807629025983,198.14528936550806,195.76373544189588,62.5,0.03125,91.68982741072188
30,2,5,False,1082604.8600511726,1077270.2296753891,1082604.8600511726,2050896.689701008,968291.8296498354,0.0,48.64304234368956,0.0,48.7196036588723,15257.18728114412,15165.497462979167,198.14528936550806,196.95451250622295,31.25,0.015625,45.84491370536094
31,2,6,False,1082604.8600511726,1079946.0415069803,1082604.8600511726,2114731.0800862545,1032126.220035082,0.0,51.72947937516619,0.0,51.74902448276121,15257.18728114412,15211.342371793764,198.14528936550806,197.54990093238655,15.625,0.0078125,22.92245685268047
32,2,7,False,1082604.8600511726,1081285.3419152077,1082604.8600511726,2146510.182206588,1063905.3221554153,0.0,53.25876476109261,0.0,53.2637192680454,15257.18728114412,15234.264830747812,198.14528936550806,197.84759520451703,7.8125,0.00390625,11.461228426340234
33,2,8,False,1082604.8600511726,1081954.5796209045,1082604.8600511726,2162363.540149787,1079758.6800986144,0.0,54.019815682595436,0.0,54.0210803702928,15257.18728114412,15245.726055697442,198.14528936550806,197.99644228178497,3.90625,0.001953125,5.730614213170117
34,2,9,False,1082604.8600511726,1082289.1250338221,1082604.8600511726,2170280.2975495495,1087675.437498377,0.0,54.39939010415219,0.0,54.39972714742054,15257.18728114412,15251.456674378604,198.14528936550806,198.07086590102082,1.953125,0.0009765625,2.8653071065850586
35,2,10,False,1082604.8600511726,1082456.377945645,1082604.8600511726,2174237.4849470886,1091632.624895916,0.0,54.58900316290419,0.0,54.58910753724017,15257.18728114412,15254.321975064202,198.14528936550806,198.10807759823638,0.9765625,0.00048828125,1.4326535532925293
36,2,11,False,1082604.8600511726,1082540.0044436108,1082604.8600511726,2176213.772758508,1093608.9127073355,0.0,54.68366532606251,0.0,54.68371150542718,15257.18728114412,15255.754634519099,198.14528936550806,198.1266835651831,0.48828125,0.000244140625,0.7163267766462647
37,2,12,False,1082604.8600511726,1082581.8149798887,1082604.8600511726,2177202.521351082,1094597.6612999092,0.0,54.73101952246088,0.0,54.731051114658406,15257.18728114412,15256.470969394695,198.14528936550806,198.13598661551552,0.244140625,0.0001220703125,0.3581633883231323
38,2,13,False,1082604.8600511726,1082602.227374985,1082604.8600511726,2177897.274965957,1095292.4149147843,0.0,54.76473886549775,0.0,54.76476589359944,15257.18728114412,15256.829136786053,198.14528936550806,198.1406381400786,0.1220703125,6.103515625e-05,0.17908169416156616
39,2,14,False,1082604.8600511726,1082612.8119728193,1082604.8600511726,2178099.861930269,1095495.0018790963,0.0,54.774339144451915,0.0,54.77436585129301,15257.18728114412,15257.00825962221,198.14528936550806,198.14296441067805,0.06103515625,3.0517578125e-05,0.08954084708078308
40,2,15,False,1082604.8600511726,1082618.2206773683,1082604.8600511726,2178166.22197342,1095561.3619222476,0.0,54.77738670902272,0.0,54.77741342058247,15257.18728114412,15257.097791852271,198.14528936550806,198.14412716691263,0.030517578125,1.52587890625e-05,0.04477042354039154
41,2,16,False,1082604.8600511726,1082621.250802084,1082604.8600511726,2178151.7918186067,1095546.931767434,0.0,54.77651369842988,0.0,54.77654040322238,15257.18728114412,15257.146535323584,198.14528936550806,198.14476019900758,0.0152587890625,7.62939453125e-06,0.02238521177019577
42,2,17,False,1082604.8600511726,1082624.7809715155,1082604.8600511726,2178169.2874961672,1095564.4274449947,0.0,54.777211968730626,0.0,54.77723868373454,15257.18728114412,15257.205355530989,198.14528936550806,198.14552409780504,0.00762939453125,3.814697265625e-06,0.011192605885097885
43,2,18,False,1082604.8600511726,1082624.485425838,1082604.8600511726,2178112.3739015823,1095507.5138504098,0.0,54.7743810825159,0.0,54.77440776505853,15257.18728114412,15257.197618173861,198.14528936550806,198.14542361264753,0.003814697265625,1.9073486328125e-06,0.005596302942548943
44,2,19,False,1082604.8600511726,1082624.2363074105,1082604.8600511726,2178055.7636361625,1095450.90358499,0.0,54.77156306231427,0.0,54.77158967056091,15257.18728114412,15257.190754319352,198.14528936550806,198.1453344716799,0.0019073486328125,9.5367431640625e-07,0.0027981514712744713
45,2,20,False,1082604.8600511726,1082623.8941791076,1082604.8600511726,2178134.954401369,1095530.0943501967,0.0,54.7755396625671,0.0,54.77556635965906,15257.18728114412,15257.188801049962,198.14528936550806,198.14530910454496,0.00095367431640625,4.76837158203125e-07,0.0013990757356372356
46,2,21,False,1082604.8600511726,1082623.8821746835,1082604.8600511726,2178118.4537357963,1095513.5936846237,0.0,54.7747152360007,0.0,54.77474192011059,15257.18728114412,15257.1877950771,198.14528936550806,198.14529603996232,0.000476837158203125,2.384185791015625e-07,0.0006995378678186178
47,2,22,False,1082604.8600511726,1082623.877052305,1082604.8600511726,2178114.1785449577,1095509.318493785,0.0,54.77450173451871,0.0,54.77452841474658,15257.18728114412,15257.187507523995,198.14528936550806,198.14529230550642,0.0002384185791015625,1.1920928955078125e-07,0.0003497689339093089
48,2,23,False,1082604.8600511726,1082623.9174120452,1082604.8600511726,2178096.3244443564,1095491.4643931838,0.0,54.773607020659256,0.0,54.77363368257187,15257.18728114412,15257.187306470962,198.14528936550806,198.14528969442807,0.00011920928955078125,5.960464477539063e-08,0.00017488446695465446
49,2,24,False,1082604.8600511726,1082623.867746661,1082604.8600511726,2178113.089439168,1095508.2293879956,0.0,54.77444774504056,0.0,54.774474424210155,15257.18728114412,15257.187289042846,198.14528936550806,198.14528946808892,5.9604644775390625e-05,2.9802322387695312e-08,8.744223347732723e-05
50,3,0,False,1135910.8935452774,944932.4206307036,1135910.8935452774,5862841.860343251,4726930.966797974,0.0,491.79094397090375,0.0,3.5102645940610596e-10,16008.190414064755,12929.692258730694,197.63198042055254,159.62583035469993,1000.0,0.5,1539.2490782754574
51,3,1,False,1135910.8935452774,1042599.228776446,1135910.8935452774,3150539.207455894,2014628.3139106166,0.0,205.82450017193332,0.0,4.969497696011445,16008.190414064755,14468.941345098896,197.63198042055254,178.6289054950481,500.0,0.25,769.6245391377287
52,3,2,False,1135910.8935452774,1089786.2175820048,1135910.8935452774,2032426.2602185311,896515.3666732537,0.0,68.6697300071828,0.0,25.594274256469827,16008.190414064755,15238.5658828988,197.63198042055254,188.13044299875062,250.0,0.125,384.81226956886434
53,3,3,False,1135910.8935452774,1112955.011490889,1135910.8935452774,1913451.813173011,777540.9196277335,0.0,39.863596281233185,0.0,40.186083886979,16008.190414064755,15623.378153965408,197.63198042055254,192.88121177735073,125.0,0.0625,192.40613478443217
54,3,4,False,1135910.8935452774,1124459.3812848986,1135910.8935452774,2073178.8506763147,937267.9571310373,0.0,47.389936712304916,0.0,47.48201022683668,16008.190414064755,15815.784284653917,197.63198042055254,195.2565961068385,62.5,0.03125,96.20306739221608
55,3,5,False,1135910.8935452774,1130191.4488946735,1135910.8935452774,2152548.9627620312,1016638.0692167538,0.0,51.1058007694628,0.0,51.12995061727295,16008.190414064755,15911.987352079434,197.63198042055254,196.44428829727696,31.25,0.015625,48.10153369610804
56,3,6,False,1135910.8935452774,1133052.6306657167,1135910.8935452774,2192072.1313071107,1056161.2377618332,0.0,52.94803472917192,0.0,52.95391533496749,16008.190414064755,15960.08888412948,197.63198042055254,197.03813437196888,15.625,0.0078125,24.05076684805402
57,3,7,False,1135910.8935452774,1134474.790064584,1135910.8935452774,2217873.297243431,1081962.4036981538,0.0,54.170314369175685,0.0,54.16953634870902,16008.190414064755,15984.139661858495,197.63198042055254,197.33505755380858,7.8125,0.00390625,12.02538342402701
58,3,8,False,1135910.8935452774,1135202.1993556109,1135910.8935452774,2224628.4436917445,1088717.550146467,0.0,54.47157513756247,0.0,54.47104929605091,16008.190414064755,15996.16504227441,197.63198042055254,197.48351904042482,3.90625,0.001953125,6.012691712013505
59,3,9,False,1135910.8935452774,1135565.8290643697,1135910.8935452774,2228007.4693397195,1092096.575794442,0.0,54.62231609551054,0.0,54.62184793202445,16008.190414064755,16002.177727335831,197.63198042055254,197.55774972019546,1.953125,0.0009765625,3.0063458560067526
60,3,10,False,1135910.8935452774,1135747.629120881,1135910.8935452774,2229696.1920215413,1093785.2984762639,0.0,54.69765613918207,0.0,54.69720015088396,16008.190414064755,16005.184076732658,197.63198042055254,197.59486514484763,0.9765625,0.00048828125,1.5031729280033763
61,3,11,False,1135910.8935452774,1135838.5237594238,1135910.8935452774,2230540.8092960753,1094629.9157507978,0.0,54.73534129716245,0.0,54.73488725650271,16008.190414064755,16006.687247710792,197.63198042055254,197.61342281124433,0.48828125,0.000244140625,0.7515864640016882
62,3,12,False,1135910.8935452774,1135883.9790069212,1135910.8935452774,2230959.844367179,1095048.9508219017,0.0,54.75402029934048,0.0,54.75356623668529,16008.190414064755,16007.438842074838,197.63198042055254,197.62270175401034,0.244140625,0.0001220703125,0.3757932320008441
63,3,13,False,1135910.8935452774,1135906.671969312,1135910.8935452774,2231184.3648256855,1095273.471280408,0.0,54.76411185713732,0.0,54.76365742850006,16008.190414064755,16007.814652471432,197.63198042055254,197.6273413885362,0.1220703125,6.103515625e-05,0.18789661600042204
64,3,14,False,1135910.8935452774,1135917.9041645913,1135910.8935452774,2231342.493716703,1095431.6001714254,0.0,54.77145684700736,0.0,54.77100210820377,16008.190414064755,16008.002582109482,197.63198042055254,197.62966150752447,0.06103515625,3.0517578125e-05,0.09394830800021102
65,3,15,False,1135910.8935452774,1135923.5768573869,1135910.8935452774,2231429.44626425,1095518.5527189728,0.0,54.77552088032462,0.0,54.77506606036172,16008.190414064755,16008.096491033999,197.63198042055254,197.63082087696296,0.030517578125,1.52587890625e-05,0.04697415400010551
66,3,16,False,1135910.8935452774,1135926.492257069,1135910.8935452774,2231450.7681801477,1095539.8746348703,0.0,54.77644121916819,0.0,54.77598637313966,16008.190414064755,16008.14455468025,197.63198042055254,197.6314142553117,0.0152587890625,7.62939453125e-06,0.023487077000052755
67,3,17,False,1135910.8935452774,1135929.5799142802,1135910.8935452774,2231402.973089192,1095492.0795439146,0.0,54.77389709936142,0.0,54.773442218129766,16008.190414064755,16008.193173846286,197.63198042055254,197.63201449192945,0.00762939453125,3.814697265625e-06,0.011743538500026377
68,3,18,False,1135910.8935452774,1135920.246008612,1135910.8935452774,2231483.1019590795,1095572.208413802,0.0,54.77837021406958,0.0,54.77791538097719,16008.190414064755,16008.202157590593,197.63198042055254,197.632125402353,0.003814697265625,1.9073486328125e-06,0.005871769250013189
69,3,19,False,1135910.8935452774,1135917.781754324,1135910.8935452774,2231480.807305172,1095569.9137598947,0.0,54.77837869428731,0.0,54.777923860797515,16008.190414064755,16008.196285755985,197.63198042055254,197.63205291056772,0.0019073486328125,9.5367431640625e-07,0.0029358846250065944
70,3,20,False,1135910.8935452774,1135929.5198340956,1135910.8935452774,2231364.1419871775,1095453.2484419001,0.0,54.7719585738505,0.0,54.771503641457706,16008.190414064755,16008.190496818037,197.63198042055254,197.631981442198,0.00095367431640625,4.76837158203125e-07,0.0014679423125032972
71,3,21,False,1135910.8935452774,1135915.6768865907,1135910.8935452774,2231478.7624293496,1095567.8688840722,0.0,54.778381693953634,0.0,54.77792686032225,16008.190414064755,16008.19188146684,197.63198042055254,197.63199853662766,0.000476837158203125,2.384185791015625e-07,0.0007339711562516486
72,3,22,False,1135910.8935452774,1135929.503595184,1135910.8935452774,2231366.835720587,1095455.9421753096,0.0,54.7720940703548,0.0,54.771639142185485,16008.190414064755,16008.19042586413,197.63198042055254,197.63198056622383,0.0002384185791015625,1.1920928955078125e-07,0.0003669855781258243
73,3,23,False,1135910.8935452774,1135914.108334466,1135910.8935452774,2231477.2190683708,1095566.3255230933,0.0,54.77838295324909,0.0,54.77792812014139,16008.190414064755,16008.190414076422,197.63198042055254,197.63198042069658,0.00011920928955078125,5.960464477539063e-08,0.00018349278906291215
74,3,24,False,1135910.8935452774,1135929.5775356528,1135910.8935452774,2231340.7696536356,1095429.8761083581,0.0,54.770787091954844,0.0,54.770332119843424,16008.190414064755,16008.190408697468,197.63198042055254,197.63198035428974,5.9604644775390625e-05,2.9802322387695312e-08,9.174639453145607e-05
75,4,0,False,1078350.0587523521,895919.4379424765,1078350.0587523521,4250427.810956566,3172077.7522042133,0.0,335.45083730109036,0.0,3.18475743692612e-10,15197.254680129954,12274.7057033816,199.96387737013097,161.50928557081053,1000.0,0.5,1461.274488474034
76,4,1,False,1078350.0587523521,988733.8555403972,1078350.0587523521,2480849.9177590553,1402499.8590067031,0.0,135.4976840163581,0.0,13.713922205507728,15197.254680129954,13735.980192339139,199.96387737013097,180.73658147814658,500.0,0.25,730.637244237017
77,4,2,False,1078350.0587523521,1033915.1306762511,1078350.0587523521,1711800.5385803361,633450.479827984,0.0,33.54216678580269,0.0,34.2463740046058,15197.254680129954,14466.617436202716,199.96387737013097,190.35022942371995,250.0,0.125,365.3186221185085
78,4,3,False,1078350.0587523521,1056225.7918244672,1078350.0587523521,1943055.2979173148,864705.2391649627,0.0,44.170350846266956,0.0,44.51259976301781,15197.254680129954,14831.936058168227,199.96387737013097,195.15705339695035,125.0,0.0625,182.65931105925424
79,4,4,False,1078350.0587523521,1067311.106455984,1078350.0587523521,2059311.9472124344,980961.8884600822,0.0,49.55438298419722,0.0,49.645701091447805,15197.254680129954,15014.595372288337,199.96387737013097,197.56046542484654,62.5,0.03125,91.32965552962712
80,4,5,False,1078350.0587523521,1072836.272970954,1078350.0587523521,2116843.0820214907,1038493.0232691385,0.0,52.18843260160975,0.0,52.21224830344392,15197.254680129954,15105.925031137047,199.96387737013097,198.76217146232958,31.25,0.015625,45.66482776481356
81,4,6,False,1078350.0587523521,1075594.49055231,1078350.0587523521,2145441.8286794494,1067091.7699270973,0.0,53.48919066152121,0.0,53.49554315119275,15197.254680129954,15151.589855560329,199.96387737013097,199.3630244152675,15.625,0.0078125,22.83241388240678
82,4,7,False,1078350.0587523521,1076972.5027524051,1078350.0587523521,2159696.6730013136,1081346.6142489614,0.0,54.13525158945049,0.0,54.137165435440366,15197.254680129954,15174.422282686557,199.96387737013097,199.663451087981,7.8125,0.00390625,11.41620694120339
83,4,8,False,1078350.0587523521,1077661.2463871327,1078350.0587523521,2166812.942835574,1088462.884083222,0.0,54.45718734385082,0.0,54.457982300993294,15197.254680129954,15185.838482039591,199.96387737013097,199.81366423736304,3.90625,0.001953125,5.708103470601695
84,4,9,False,1078350.0587523521,1078005.5685379028,1078350.0587523521,2170368.368937573,1092018.3101852208,0.0,54.617883009032084,0.0,54.618397030934915,15197.254680129954,15191.546583808771,199.96387737013097,199.88877083958909,1.953125,0.0009765625,2.8540517353008474
85,4,10,False,1078350.0587523521,1078177.8081159417,1078350.0587523521,2172145.5214903466,1093795.4627379945,0.0,54.69816386397906,0.0,54.69860747346145,15197.254680129954,15194.400632046443,199.96387737013097,199.92632410587424,0.9765625,0.00048828125,1.4270258676504237
86,4,11,False,1078350.0587523521,1078263.123188045,1078350.0587523521,2173035.3362331097,1094685.2774807576,0.0,54.738397681558126,0.0,54.73882362294834,15197.254680129954,15195.827852581933,199.96387737013097,199.9451033234465,0.48828125,0.000244140625,0.7135129338252119
87,4,12,False,1078350.0587523521,1078305.5856766894,1078350.0587523521,2173476.5092389965,1095126.4504866444,0.0,54.75833540062922,0.0,54.758756955601505,15197.254680129954,15196.541195661635,199.96387737013097,199.95448941660047,0.244140625,0.0001220703125,0.35675646691260593
88,4,13,False,1078350.0587523521,1078326.823660014,1078350.0587523521,2173698.6233057044,1095348.5645533523,0.0,54.76837976041679,0.0,54.76880020415226,15197.254680129954,15196.897933562315,199.96387737013097,199.95918333634626,0.1220703125,6.103515625e-05,0.17837823345630296
89,4,14,False,1078350.0587523521,1078337.4408550397,1078350.0587523521,2173819.442379263,1095469.383626911,0.0,54.7738900026452,0.0,54.77431014977713,15197.254680129954,15197.076318164738,199.96387737013097,199.96153050216762,0.06103515625,3.0517578125e-05,0.08918911672815148
90,4,15,False,1078350.0587523521,1078342.7526727803,1078350.0587523521,2173877.087658429,1095527.028906077,0.0,54.77650670766889,0.0,54.776926790895985,15197.254680129954,15197.165546154009,199.96387737013097,199.96270455465802,0.030517578125,1.52587890625e-05,0.04459455836407574
91,4,16,False,1078350.0587523521,1078345.4051958744,1078350.0587523521,2173909.501686602,1095559.4429342498,0.0,54.77799479015994,0.0,54.7784148589128,15197.254680129954,15197.210124402294,199.96387737013097,199.9632911105565,0.0152587890625,7.62939453125e-06,0.02229727918203787
92,4,17,False,1078350.0587523521,1078346.735016464,1078350.0587523521,2173915.292620548,1095565.233868196,0.0,54.77821784578373,0.0,54.77863791462468,15197.254680129954,15197.232412337398,199.96387737013097,199.9635843728605,0.00762939453125,3.814697265625e-06,0.011148639591018935
93,4,18,False,1078350.0587523521,1078347.3995521856,1078350.0587523521,2173917.776955408,1095567.718203056,0.0,54.7783088356955,0.0,54.77872890462676,15197.254680129954,15197.243571067655,199.96387737013097,199.9637311982586,0.003814697265625,1.9073486328125e-06,0.005574319795509468
94,4,19,False,1078350.0587523521,1078347.7301631055,1078350.0587523521,2173919.088219584,1095569.0294672318,0.0,54.778357868346575,0.0,54.77877793730126,15197.254680129954,15197.249149907491,199.96387737013097,199.96380460404595,0.0019073486328125,9.5367431640625e-07,0.002787159897754734
95,4,20,False,1078350.0587523521,1078347.8975914156,1078350.0587523521,2173919.441314242,1095569.3825618897,0.0,54.77836715164631,0.0,54.77878722063632,15197.254680129954,15197.251932796467,199.96387737013097,199.96384122100616,0.00095367431640625,4.76837158203125e-07,0.001393579948877367
96,4,21,False,1078350.0587523521,1078347.9819690874,1078350.0587523521,2173920.162552047,1095570.103799695,0.0,54.77839899466562,0.0,54.77881906363035,15197.254680129954,15197.253330278416,199.96387737013097,199.96385960892653,0.000476837158203125,2.384185791015625e-07,0.0006967899744386835
97,4,22,False,1078350.0587523521,1078348.0238608145,1078350.0587523521,2173920.2740095174,1095570.2152571653,0.0,54.77840247295171,0.0,54.77882254191856,15197.254680129954,15197.254026026378,199.96387737013097,199.96386876350496,0.0002384185791015625,1.1920928955078125e-07,0.00034839498721934173
98,4,23,False,1078350.0587523521,1078348.0446072835,1078350.0587523521,2173920.347443352,1095570.2886909998,0.0,54.778405107321305,0.0,54.778825176285544,15197.254680129954,15197.254361835641,199.96387737013097,199.9638731820479,0.00011920928955078125,5.960464477539063e-08,0.00017419749360967086
99,4,24,False,1078350.0587523521,1078348.0553952241,1078350.0587523521,2173920.123983897,1095570.0652315447,0.0,54.77839339494494,0.0,54.77881346392231,15197.254680129954,15197.25456247384,199.96387737013097,199.9638758220242,5.9604644775390625e-05,2.9802322387695312e-08,8.709874680483543e-05
100,5,0,False,1125033.685025237,934652.5830821043,1125033.685025237,5035206.219341967,3910172.53431673,0.0,410.05536362575367,0.0,2.3266529429474412e-10,15854.919167153505,12805.89625223555,198.1864895894188,160.07370315294438,1000.0,0.5,1524.5114583801449
101,5,1,False,1125033.685025237,1031386.9315277343,1125033.685025237,2368675.800752464,1243642.1157272272,0.0,116.39167239889503,0.0,17.337214523577984,15854.919167153505,14330.407708908357,198.1864895894188,179.13009636135445,500.0,0.25,762.2557291900724
102,5,2,False,1125033.685025237,1078595.687341475,1125033.685025237,1813252.366058427,688218.6810331899,0.0,37.407859419563465,0.0,36.057808452131745,15854.919167153505,15092.663441454168,198.1864895894188,188.6582930181771,250.0,0.125,381.1278645950362
103,5,3,False,1125033.685025237,1101911.0236087563,1125033.685025237,2013520.9374636149,888487.2524383778,0.0,45.7428892708449,0.0,45.418102114640966,15854.919167153505,15473.791307297135,198.1864895894188,193.4223913412142,125.0,0.0625,190.5639322975181
104,5,4,False,1125033.685025237,1113496.435089312,1125033.685025237,2116257.5795464884,991223.8945212513,0.0,50.17785595960413,0.0,50.09825848611352,15854.919167153505,15664.355238690023,198.1864895894188,195.80444048362529,62.5,0.03125,95.28196614875905
105,5,5,False,1125033.685025237,1119271.0934809123,1125033.685025237,2168232.1180798956,1043198.4330546586,0.0,52.45777273881322,0.0,52.43832972108511,15854.919167153505,15759.637206557727,198.1864895894188,196.9954650819716,31.25,0.015625,47.64098307437953
106,5,6,False,1125033.685025237,1122153.9030407774,1125033.685025237,2194369.8881710125,1069336.2031457755,0.0,53.61322066840876,0.0,53.60837784461472,15854.919167153505,15807.27818607401,198.1864895894188,197.59097732592514,15.625,0.0078125,23.820491537189763
107,5,7,False,1125033.685025237,1123594.181015182,1125033.685025237,2207474.121148525,1082440.4361232878,0.0,54.194595868541,0.0,54.19339814479325,15854.919167153505,15831.098677495233,198.1864895894188,197.88873346869042,7.8125,0.00390625,11.910245768594882
108,5,8,False,1125033.685025237,1124314.0279754577,1125033.685025237,2214033.666440097,1088999.98141486,0.0,54.48606221353293,0.0,54.485901632931025,15854.919167153505,15843.008925555912,198.1864895894188,198.0376115694489,3.90625,0.001953125,5.955122884297441
109,5,9,False,1125033.685025237,1124673.8864790823,1125033.685025237,2217316.6731145266,1092282.9880892895,0.0,54.63211630319711,0.0,54.63216236034731,15854.919167153505,15848.964046333293,198.1864895894188,198.11205057916615,1.953125,0.0009765625,2.9775614421487204
110,5,10,False,1125033.685025237,1124852.4878245157,1125033.685025237,2218958.0142848263,1093924.3292595893,0.0,54.7052667947537,0.0,54.70528585127736,15854.919167153505,15851.941609108373,198.1864895894188,198.14927011385467,0.9765625,0.00048828125,1.4887807210743602
111,5,11,False,1125033.685025237,1124941.4436841665,1125033.685025237,2219778.1568811233,1094744.4718558863,0.0,54.741833276246325,0.0,54.74183804344937,15854.919167153505,15853.430394139656,198.1864895894188,198.16787992674568,0.48828125,0.000244140625,0.7443903605371801
112,5,12,False,1125033.685025237,1124985.9202616594,1125033.685025237,2220188.698768577,1095155.01374334,0.0,54.760138330153495,0.0,54.76013952053826,15854.919167153505,15854.174777679274,198.1864895894188,198.17718472099094,0.244140625,0.0001220703125,0.37219518026859005
113,5,13,False,1125033.685025237,1125008.1584659305,1125033.685025237,2220393.7331994837,1095360.0481742467,0.0,54.76927858801537,0.0,54.76927888533994,15854.919167153505,15854.546973259457,198.1864895894188,198.18183716574322,0.1220703125,6.103515625e-05,0.18609759013429503
114,5,14,False,1125033.685025237,1125019.2778767135,1125033.685025237,2220496.1311142235,1095462.4460889865,0.0,54.77384262471605,0.0,54.77384269903493,15854.919167153505,15854.733073035843,198.1864895894188,198.18416341294804,0.06103515625,3.0517578125e-05,0.09304879506714751
115,5,15,False,1125033.685025237,1125024.8373872123,1125033.685025237,2220547.150385217,1095513.4653599798,0.0,54.77611564056497,0.0,54.77611565923551,15854.919167153505,15854.826123475694,198.1864895894188,198.18532654344617,0.030517578125,1.52587890625e-05,0.04652439753357376
116,5,16,False,1125033.685025237,1125027.6183280996,1125033.685025237,2220572.7966871187,1095539.1116618817,0.0,54.777258915615676,0.0,54.777258920286215,15854.919167153505,15854.8726482475,198.1864895894188,198.18590810309374,0.0152587890625,7.62939453125e-06,0.02326219876678688
117,5,17,False,1125033.685025237,1125029.008146206,1125033.685025237,2220587.8116293116,1095554.1266040746,0.0,54.77794017371707,0.0,54.77794017459348,15854.919167153505,15854.89590882688,198.1864895894188,198.186198860336,0.00762939453125,3.814697265625e-06,0.01163109938339344
118,5,18,False,1125033.685025237,1125029.7041898377,1125033.685025237,2220593.4694271446,1095559.7844019076,0.0,54.77818826176372,0.0,54.77818826196696,15854.919167153505,15854.907544770072,198.1864895894188,198.1863443096259,0.003814697265625,1.9073486328125e-06,0.00581554969169672
119,5,19,False,1125033.685025237,1125030.0503701603,1125033.685025237,2220596.611133027,1095562.9261077899,0.0,54.77832803812635,0.0,54.77832803816033,15854.919167153505,15854.913363783178,198.1864895894188,198.18641704728972,0.0019073486328125,9.5367431640625e-07,0.00290777484584836
120,5,20,False,1125033.685025237,1125030.2267092834,1125033.685025237,2220598.1845912244,1095564.4995659874,0.0,54.778397894097,0.0,54.7783978940971,15854.919167153505,15854.916288229297,198.1864895894188,198.1864536028662,0.00095367431640625,4.76837158203125e-07,0.00145388742292418
121,5,21,False,1125033.685025237,1125030.313066538,1125033.685025237,2220598.6476676315,1095564.9626423945,0.0,54.77841673005423,0.0,54.77841673005513,15854.919167153505,15854.91773018767,198.1864895894188,198.18647162734587,0.000476837158203125,2.384185791015625e-07,0.00072694371146209
122,5,22,False,1125033.685025237,1125030.3567222308,1125033.685025237,2220598.616747288,1095564.931722051,0.0,54.778413001253284,0.0,54.778413001252446,15854.919167153505,15854.918467357062,198.1864895894188,198.18648084196326,0.0002384185791015625,1.1920928955078125e-07,0.000363471855731045
123,5,23,False,1125033.685025237,1125030.379167597,1125033.685025237,2220598.80551553,1095565.120490293,0.0,54.77842131739635,0.0,54.77842131739696,15854.919167153505,15854.91883568371,198.1864895894188,198.18648544604636,0.00011920928955078125,5.960464477539063e-08,0.0001817359278655225
124,5,24,False,1125033.685025237,1125030.390110481,1125033.685025237,2220598.829046215,1095565.144020978,0.0,54.77842194678669,0.0,54.778421946786715,15854.919167153505,15854.919004193353,198.1864895894188,198.1864875524169,5.9604644775390625e-05,2.9802322387695312e-08,9.086796393276124e-05
125,6,0,False,1100755.561174125,913839.2554628854,1100755.561174125,4999812.869475212,3899057.308301087,0.0,408.59736140072346,0.0,5.092444427235096e-10,15512.857187382699,12529.615422512647,198.88278445362434,160.63609516041853,1000.0,0.5,1491.6208834021825
126,6,1,False,1100755.561174125,1008620.2737116009,1100755.561174125,2298209.7313852077,1197454.1702110828,0.0,116.0926330620423,0.0,12.866312705318384,15512.857187382699,14021.236305294862,198.88278445362434,179.7594398114726,500.0,0.25,745.8104417010912
127,6,2,False,1100755.561174125,1055051.106018943,1100755.561174125,1751270.6937551547,650515.1325810298,0.0,35.79951697878823,0.0,33.82244179483294,15512.857187382699,14767.04675197071,198.88278445362434,189.3211122047527,250.0,0.125,372.9052208505456
128,6,3,False,1100755.561174125,1077994.109986699,1100755.561174125,1968807.8251797068,868052.2640055818,0.0,44.78086900598828,0.0,44.30050251331249,15512.857187382699,15139.95196949731,198.88278445362434,194.1019483268886,125.0,0.0625,186.4526104252728
129,6,4,False,1100755.561174125,1089397.4822735921,1100755.561174125,2081367.6152351806,980612.0540610556,0.0,49.65747702669796,0.0,49.53953626946091,15512.857187382699,15326.404586774344,198.88278445362434,196.49236649710699,62.5,0.03125,93.2263052126364
130,6,5,False,1100755.561174125,1095082.1388006702,1100755.561174125,2138553.7068389854,1037798.1456648605,0.0,52.18811033678321,0.0,52.1590464670483,15512.857187382699,15419.630885829063,198.88278445362434,197.68757545934696,31.25,0.015625,46.6131526063182
131,6,6,False,1100755.561174125,1097920.2201253586,1100755.561174125,2167367.13803673,1066611.5768626048,0.0,53.47588388265103,0.0,53.46880790848609,15512.857187382699,15466.244037460856,198.88278445362434,198.28517996744688,15.625,0.0078125,23.3065763031591
132,6,7,False,1100755.561174125,1099338.1954858154,1100755.561174125,2181828.110563575,1081072.5493894499,0.0,54.12529992843156,0.0,54.12369157934439,15512.857187382699,15489.550612188652,198.88278445362434,198.58398220754682,7.8125,0.00390625,11.65328815157955
133,6,8,False,1100755.561174125,1100046.9215086096,1100755.561174125,2189071.8692313614,1088316.3080572365,0.0,54.45136983960583,0.0,54.451124932669345,15512.857187382699,15501.203901931458,198.88278445362434,198.7333833580956,3.90625,0.001953125,5.826644075789775
134,6,9,False,1100755.561174125,1100401.3289441536,1100755.561174125,2192896.4112222525,1092140.8500481276,0.0,54.624672793857826,0.0,54.624835433952065,15512.857187382699,15507.030549792802,198.88278445362434,198.8080839717026,1.953125,0.0009765625,2.9133220378948876
135,6,10,False,1100755.561174125,1100577.7893261905,1100755.561174125,2194750.9271205342,1093995.3659464093,0.0,54.70854624540334,0.0,54.708767534031026,15512.857187382699,15509.943872103406,198.88278445362434,198.84543425773597,0.9765625,0.00048828125,1.4566610189474438
136,6,11,False,1100755.561174125,1100665.1075261622,1100755.561174125,2195536.500274622,1094780.939100497,0.0,54.74346347969913,0.0,54.74367579514686,15512.857187382699,15511.40052786997,198.88278445362434,198.86410933166627,0.48828125,0.000244140625,0.7283305094737219
137,6,12,False,1100755.561174125,1100708.7633115854,1100755.561174125,2195928.925264196,1095173.364090071,0.0,54.7609030496933,0.0,54.76111314556777,15512.857187382699,15512.128862639838,198.88278445362434,198.87344695692101,0.244140625,0.0001220703125,0.36416525473686095
138,6,13,False,1100755.561174125,1100730.5894601461,1100755.561174125,2196125.433121574,1095369.8719474492,0.0,54.769637406594484,0.0,54.7698469595483,15512.857187382699,15512.493024046207,198.88278445362434,198.87811569290008,0.1220703125,6.103515625e-05,0.18208262736843048
139,6,14,False,1100755.561174125,1100741.502687791,1100755.561174125,2196223.309538962,1095467.748364837,0.0,54.77398563087263,0.0,54.774195054244444,15512.857187382699,15512.675110779679,198.88278445362434,198.880450138201,0.06103515625,3.0517578125e-05,0.09104131368421524
140,6,15,False,1100755.561174125,1100746.958912761,1100755.561174125,2196272.564542823,1095517.003368698,0.0,54.776175584487646,0.0,54.77638497851855,15512.857187382699,15512.766150056264,198.88278445362434,198.88161730841364,0.030517578125,1.52587890625e-05,0.04552065684210762
141,6,16,False,1100755.561174125,1100749.6881000488,1100755.561174125,2196297.2286076047,1095541.6674334798,0.0,54.777272331260974,0.0,54.77748171949462,15512.857187382699,15512.811670237365,198.88278445362434,198.88220090047903,0.0152587890625,7.62939453125e-06,0.02276032842105381
142,6,17,False,1100755.561174125,1100751.0537557045,1100755.561174125,2196310.5982921375,1095555.0371180126,0.0,54.77787253296992,0.0,54.77808192067338,15512.857187382699,15512.834432721364,198.88278445362434,198.88249272719696,0.00762939453125,3.814697265625e-06,0.011380164210526905
143,6,18,False,1100755.561174125,1100751.7370392869,1100755.561174125,2196319.864007726,1095564.302833601,0.0,54.778301654265306,0.0,54.77851104257857,15512.857187382699,15512.84581365149,198.88278445362434,198.88263863655754,0.003814697265625,1.9073486328125e-06,0.005690082105263452
144,6,19,False,1100755.561174125,1100752.078375754,1100755.561174125,2196321.1441638405,1095565.5829897155,0.0,54.77834859522227,0.0,54.778557983586396,15512.857187382699,15512.851504599606,198.88278445362434,198.88271159743084,0.0019073486328125,9.5367431640625e-07,0.002845041052631726
145,6,20,False,1100755.561174125,1100752.248535854,1100755.561174125,2196321.7618091553,1095566.2006350304,0.0,54.77837096946678,0.0,54.77858035786338,15512.857187382699,15512.854349686053,198.88278445362434,198.88274807289812,0.00095367431640625,4.76837158203125e-07,0.001422520526315863
146,6,21,False,1100755.561174125,1100752.3333558359,1100755.561174125,2196322.14656679,1095566.5853926651,0.0,54.778385966339556,0.0,54.77859535475587,15512.857187382699,15512.855782565746,198.88278445362434,198.8827664431506,0.000476837158203125,2.384185791015625e-07,0.0007112602631579316
147,6,22,False,1100755.561174125,1100752.3756229773,1100755.561174125,2196322.1088137603,1095566.5476396354,0.0,54.77838196533776,0.0,54.77859135374055,15512.857187382699,15512.856493072473,198.88278445362434,198.8827755522112,0.0002384185791015625,1.1920928955078125e-07,0.0003556301315789658
148,6,23,False,1100755.561174125,1100752.3985711029,1100755.561174125,2196322.1803718098,1095566.6191976848,0.0,54.77838439582774,0.0,54.77859378424296,15512.857187382699,15512.856847047062,198.88278445362434,198.88278009034696,0.00011920928955078125,5.960464477539063e-08,0.0001778150657894829
149,6,24,False,1100755.561174125,1100752.4089540085,1100755.561174125,2196322.089172856,1095566.527998731,0.0,54.77837931674367,0.0,54.7785887051411,15512.857187382699,15512.857026671389,198.88278445362434,198.88278239322293,5.9604644775390625e-05,2.9802322387695312e-08,8.890753289474144e-05
150,7,0,False,1098888.6893324745,911595.3232923633,1098888.6893324745,7679353.708628716,6580465.019296242,0.0,676.7758385334164,0.0,2.1890328300698262e-10,15486.525257168778,12508.347323623435,198.54519560472792,160.36342722594148,1000.0,0.5,1489.0889670354593
151,7,1,False,1098888.6893324745,1006014.9467017356,1098888.6893324745,3170441.1581617137,2071552.4688292393,0.0,216.4426211458631,0.0,1.347199536140408e-10,15486.525257168778,13997.436290200952,198.54519560472792,179.45431141283274,500.0,0.25,744.5444835177296
152,7,2,False,1098888.6893324745,1052753.6352790333,1098888.6893324745,1858355.7486846922,759467.0593522177,0.0,54.65609890082851,0.0,25.904112439737368,15486.525257168778,14741.980773747297,198.54519560472792,188.99975350958073,250.0,0.125,372.2722417588648
153,7,3,False,1098888.6893324745,1075905.4720885642,1098888.6893324745,1890745.8798100562,791857.1904775817,0.0,41.14249067993296,0.0,40.34155009221624,15486.525257168778,15114.25301548134,198.54519560472792,193.77247455745308,125.0,0.0625,186.1361208794324
154,7,4,False,1098888.6893324745,1087418.1043281981,1098888.6893324745,2040567.5208918517,941678.8315593773,0.0,47.75468687800094,0.0,47.56025477836442,15486.525257168778,15300.389140275232,198.54519560472792,196.15883513173375,62.5,0.03125,93.0680604397162
155,7,5,False,1098888.6893324745,1093158.609553444,1098888.6893324745,2117026.4252066086,1018137.7358741341,0.0,51.217169382254724,0.0,51.16961218306174,15486.525257168778,15393.457201313122,198.54519560472792,197.35201540145027,31.25,0.015625,46.5340302198581
156,7,6,False,1098888.6893324745,1096024.9003725469,1098888.6893324745,2155625.47299792,1056736.7836654456,0.0,52.98576266476812,0.0,52.974294597769195,15486.525257168778,15439.991229799112,198.54519560472792,197.94860551024502,15.625,0.0078125,23.26701510992905
157,7,7,False,1098888.6893324745,1097457.0633713133,1098888.6893324745,2175015.1874951934,1076126.498162719,0.0,53.87916971420782,0.0,53.8766426981802,15486.525257168778,15463.258243069913,198.54519560472792,198.24690055217837,7.8125,0.00390625,11.633507554964526
158,7,8,False,1098888.6893324745,1098172.897512847,1098888.6893324745,2184732.04967838,1085843.3603459056,0.0,54.3281087651485,0.0,54.327806451404804,15486.525257168778,15474.891751679354,198.54519560472792,198.39604809845326,3.90625,0.001953125,5.816753777482263
159,7,9,False,1098888.6893324745,1098530.749740334,1098888.6893324745,2189596.0149602266,1090707.325627752,0.0,54.55313703810498,0.0,54.55338948388429,15486.525257168778,15480.70850680919,198.54519560472792,198.4706218821691,1.953125,0.0009765625,2.9083768887411314
160,7,10,False,1098888.6893324745,1098709.6724068506,1098888.6893324745,2192029.480603484,1093140.7912710095,0.0,54.665794953660225,0.0,54.666185866003104,15486.525257168778,15483.616883132709,198.54519560472792,198.50790875811165,0.9765625,0.00048828125,1.4541884443705657
161,7,11,False,1098888.6893324745,1098799.2255762038,1098888.6893324745,2193246.5301832883,1094357.8408508138,0.0,54.72215249518922,0.0,54.722577965519214,15486.525257168778,15485.071071380687,198.54519560472792,198.5265521971883,0.48828125,0.000244140625,0.7270942221852829
162,7,12,False,1098888.6893324745,1098843.7304816707,1098888.6893324745,2193855.1204745015,1094966.431142027,0.0,54.75035245245817,0.0,54.75078654682492,15486.525257168778,15485.798179248386,198.54519560472792,198.53587409292803,0.244140625,0.0001220703125,0.36354711109264143
163,7,13,False,1098888.6893324745,1098865.9240452389,1098888.6893324745,2194159.0406531394,1095270.3513206649,0.0,54.764437711146456,0.0,54.76487394964357,15486.525257168778,15486.161739790592,198.54519560472792,198.54053512552042,0.1220703125,6.103515625e-05,0.18177355554632071
164,7,14,False,1098888.6893324745,1098877.0425903478,1098888.6893324745,2194328.1045481493,1095439.4152156748,0.0,54.77233469238672,0.0,54.772771503393436,15486.525257168778,15486.343503679047,198.54519560472792,198.54286543178264,0.06103515625,3.0517578125e-05,0.09088677777316036
165,7,15,False,1098888.6893324745,1098882.6232550426,1098888.6893324745,2194434.3816804057,1095545.6923479312,0.0,54.777369450659535,0.0,54.77780639187677,15486.525257168778,15486.434375101955,198.54519560472792,198.54403045002508,0.030517578125,1.52587890625e-05,0.04544338888658018
166,7,16,False,1098888.6893324745,1098885.3044794723,1098888.6893324745,2194441.2712642318,1095552.5819317573,0.0,54.77757986845609,0.0,54.77801681001982,15486.525257168778,15486.479830635262,198.54519560472792,198.54461321327258,0.0152587890625,7.62939453125e-06,0.02272169444329009
167,7,17,False,1098888.6893324745,1098886.6857807683,1098888.6893324745,2194448.193317329,1095559.5039848546,0.0,54.777856905731824,0.0,54.77829384792424,15486.525257168778,15486.50254446829,198.54519560472792,198.54490441626012,0.00762939453125,3.814697265625e-06,0.011360847221645045
168,7,18,False,1098888.6893324745,1098887.346417655,1098888.6893324745,2194439.4413866177,1095550.7520541432,0.0,54.77738627652434,0.0,54.77782322037192,15486.525257168778,15486.513913244427,198.54519560472792,198.54505016980036,0.003814697265625,1.9073486328125e-06,0.005680423610822522
169,7,19,False,1098888.6893324745,1098887.7192234518,1098888.6893324745,2194449.109273327,1095560.4199408526,0.0,54.7778510310618,0.0,54.778287973925714,15486.525257168778,15486.519596361655,198.54519560472792,198.54512303027764,0.0019073486328125,9.5367431640625e-07,0.002840211805411261
170,7,20,False,1098888.6893324745,1098887.8847005235,1098888.6893324745,2194447.510890986,1095558.8215585114,0.0,54.77776283786261,0.0,54.77819978118363,15486.525257168778,15486.522446948706,198.54519560472792,198.54515957626546,0.00095367431640625,4.76837158203125e-07,0.0014201059027056306
171,7,21,False,1098888.6893324745,1098887.979163642,1098888.6893324745,2194450.358407509,1095561.6690750346,0.0,54.77790049068608,0.0,54.77833743370064,15486.525257168778,15486.523861008687,198.54519560472792,198.54517770523958,0.000476837158203125,2.384185791015625e-07,0.0007100529513528153
172,7,22,False,1098888.6893324745,1098888.0170316617,1098888.6893324745,2194448.9548444496,1095560.2655119752,0.0,54.77782841902081,0.0,54.778265362258004,15486.525257168778,15486.524568524577,198.54519560472792,198.54518677595613,0.0002384185791015625,1.1920928955078125e-07,0.00035502647567640764
173,7,23,False,1098888.6893324745,1098888.012078525,1098888.6893324745,2194440.4766060603,1095551.7872735858,0.0,54.77740475396968,0.0,54.77784169878384,15486.525257168778,15486.524956417588,198.54519560472792,198.54519174894344,0.00011920928955078125,5.960464477539063e-08,0.00017751323783820382
174,7,24,False,1098888.6893324745,1098888.044795569,1098888.6893324745,2194447.151787346,1095558.4624548717,0.0,54.77773687782428,0.0,54.77817382135344,15486.525257168778,15486.525109779419,198.54519560472792,198.54519371512075,5.9604644775390625e-05,2.9802322387695312e-08,8.875661891910191e-05
175,8,0,False,1131608.4107092053,938945.485136554,1131608.4107092053,7734618.176155151,6603009.765445946,0.0,679.5672691017389,0.0,1.2078852512513446e-10,15947.556432396152,12880.718656955223,199.3444554049519,161.0089832119403,1000.0,0.5,1533.4188877303989
176,8,1,False,1131608.4107092053,1036080.0090423538,1131608.4107092053,3355169.5326977265,2223561.121988521,0.0,231.90895236004144,0.0,5.495811694824635e-09,15947.556432396152,14414.137545209098,199.3444554049519,180.17671931511373,500.0,0.25,766.7094438651994
177,8,2,False,1131608.4107092053,1083000.3370078977,1131608.4107092053,2853074.9117260836,1721466.5010168783,0.0,155.36378729715943,0.0,21.643670174659157,15947.556432396152,15180.846988662795,199.3444554049519,189.76058735828494,250.0,0.125,383.3547219325997
178,8,3,False,1131608.4107092053,1107376.9969598465,1131608.4107092053,1790199.7106895733,658591.299980368,0.0,39.646047494374216,0.0,28.636223878598475,15947.556432396152,15564.201711528704,199.3444554049519,194.5525213941088,125.0,0.0625,191.67736096629986
179,8,4,False,1131608.4107092053,1119510.7280419262,1131608.4107092053,1959797.5120760675,828189.1013668622,0.0,42.32138208184642,0.0,41.7072963215677,15947.556432396152,15755.879074570696,199.3444554049519,196.9484884321337,62.5,0.03125,95.83868048314993
180,8,5,False,1131608.4107092053,1125563.8990930181,1131608.4107092053,2091940.2832287606,960331.8725195553,0.0,48.394803445457,0.0,48.242834968117265,15947.556432396152,15851.717759330306,199.3444554049519,198.14647199162883,31.25,0.015625,47.919340241574965
181,8,6,False,1131608.4107092053,1128587.0767711215,1131608.4107092053,2159177.107208105,1027568.6964988995,0.0,51.54840714503189,0.0,51.51059589866644,15947.556432396152,15899.637095382148,199.3444554049519,198.74546369227684,15.625,0.0078125,23.959670120787482
182,8,7,False,1131608.4107092053,1130097.806545076,1131608.4107092053,2193082.144220046,1061473.7335108405,0.0,53.15394151535838,0.0,53.144492252138555,15947.556432396152,15923.596764247091,199.3444554049519,199.04495955308863,7.8125,0.00390625,11.979835060393741
183,8,8,False,1131608.4107092053,1130852.9620490058,1131608.4107092053,2210105.497818064,1078497.0871088586,0.0,53.96381748015028,0.0,53.96143609675552,15947.556432396152,15935.576598886182,199.3444554049519,199.19470748607728,3.90625,0.001953125,5.989917530196871
184,8,9,False,1131608.4107092053,1131231.2270514688,1131608.4107092053,2218638.9983684365,1087030.5876592312,0.0,54.37069719424926,0.0,54.370079937447535,15947.556432396152,15941.566520988355,199.3444554049519,199.26958151235445,1.953125,0.0009765625,2.9949587650984353
185,8,10,False,1131608.4107092053,1131421.120682021,1131608.4107092053,2222909.2789907246,1091300.8682815193,0.0,54.57449613110566,0.0,54.574319699764715,15947.556432396152,15944.56147856523,199.3444554049519,199.3070184820654,0.9765625,0.00048828125,1.4974793825492176
186,8,11,False,1131608.4107092053,1131516.49613026,1131608.4107092053,2225235.756162932,1093627.3454537268,0.0,54.685993538962975,0.0,54.68593246430426,15947.556432396152,15946.058979728252,199.3444554049519,199.32573724660315,0.48828125,0.000244140625,0.7487396912746088
187,8,12,False,1131608.4107092053,1131563.6063689867,1131608.4107092053,2226155.4975903966,1094547.0868811912,0.0,54.729613768083254,0.0,54.729575354057765,15947.556432396152,15946.807707543374,199.3444554049519,199.33509634429217,0.244140625,0.0001220703125,0.3743698456373044
188,8,13,False,1131608.4107092053,1131587.9010322003,1131608.4107092053,2226914.1644564127,1095305.7537472073,0.0,54.76632830901781,0.0,54.766298033403416,15947.556432396152,15947.182079627399,199.3444554049519,199.33977599534248,0.1220703125,6.103515625e-05,0.1871849228186522
189,8,14,False,1131608.4107092053,1131599.441995418,1131608.4107092053,2227045.374355262,1095436.9636460568,0.0,54.772311563541734,0.0,54.77228167244267,15947.556432396152,15947.369279454533,199.3444554049519,199.34211599318166,0.06103515625,3.0517578125e-05,0.0935924614093261
190,8,15,False,1131608.4107092053,1131605.2559041686,1131608.4107092053,2227142.2881258614,1095533.8774166561,0.0,54.77686648947292,0.0,54.77683673269635,15947.556432396152,15947.462868098199,199.3444554049519,199.34328585122748,0.030517578125,1.52587890625e-05,0.04679623070466305
191,8,16,False,1131608.4107092053,1131608.14665431,1131608.4107092053,2227175.682938365,1095567.2722291595,0.0,54.77839168578157,0.0,54.778361942623945,15947.556432396152,15947.509673914712,199.3444554049519,199.3438709239339,0.0152587890625,7.62939453125e-06,0.023398115352331526
192,8,17,False,1131608.4107092053,1131609.5799052322,1131608.4107092053,2227179.129083696,1095570.7183744905,0.0,54.77849233036795,0.0,54.778462587478415,15947.556432396152,15947.533058615416,199.3444554049519,199.3441632326927,0.00762939453125,3.814697265625e-06,0.011699057676165763
193,8,18,False,1131608.4107092053,1131610.2967770626,1131608.4107092053,2227182.3297194648,1095573.9190102594,0.0,54.77861651861531,0.0,54.7785867756249,15947.556432396152,15947.54475311613,199.3444554049519,199.34430941395163,0.003814697265625,1.9073486328125e-06,0.005849528838082881
194,8,19,False,1131608.4107092053,1131610.6558508943,1131608.4107092053,2227184.428260719,1095576.0175515136,0.0,54.77870349207751,0.0,54.77867374890497,15947.556432396152,15947.550588738255,199.3444554049519,199.34438235922818,0.0019073486328125,9.5367431640625e-07,0.0029247644190414407
195,8,20,False,1131608.4107092053,1131610.83422922,1131608.4107092053,2227185.076898398,1095576.6661891926,0.0,54.77872700506214,0.0,54.77869726185564,15947.556432396152,15947.553526208172,199.3444554049519,199.34441907760214,0.00095367431640625,4.76837158203125e-07,0.0014623822095207204
196,8,21,False,1131608.4107092053,1131610.9240292322,1131608.4107092053,2227185.1775328503,1095576.766823645,0.0,54.77872754676537,0.0,54.77869780359646,15947.556432396152,15947.554987639633,199.3444554049519,199.3444373454954,0.000476837158203125,2.384185791015625e-07,0.0007311911047603602
197,8,22,False,1131608.4107092053,1131610.969270898,1131608.4107092053,2227185.4037397807,1095576.9930305753,0.0,54.77873659504985,0.0,54.77870685183841,15947.556432396152,15947.555719432412,199.3444554049519,199.34444649290515,0.0002384185791015625,1.1920928955078125e-07,0.0003655955523801801
198,8,23,False,1131608.4107092053,1131610.9924184517,1131608.4107092053,2227185.445709849,1095577.0350006435,0.0,54.778737536180415,0.0,54.77870779295932,15947.556432396152,15947.556091635897,199.3444554049519,199.34445114544872,0.00011920928955078125,5.960464477539063e-08,0.00018279777619009004
199,8,24,False,1131608.4107092053,1131611.0033622524,1131608.4107092053,2227185.449732891,1095577.0390236855,0.0,54.77873719014406,0.0,54.77870744691981,15947.556432396152,15947.556264305184,199.3444554049519,199.3444533038148,5.9604644775390625e-05,2.9802322387695312e-08,9.139888809504502e-05
200,9,0,False,1074438.4460758953,890582.0288190971,1074438.4460758953,7675518.6495752,6601080.203499304,0.0,678.4936620756052,0.0,5.072929141146539e-12,15142.090073338135,12230.149674675718,199.23802728076492,160.92302203520683,1000.0,0.5,1455.970199359436
201,9,1,False,1074438.4460758953,982934.2374581787,1074438.4460758953,4391366.670026842,3316928.2239509462,0.0,340.84324325667694,0.0,1.8934557659570767e-10,15142.090073338135,13686.119874146278,199.23802728076492,180.08052465981945,500.0,0.25,727.985099679718
202,9,2,False,1074438.4460758953,1028021.7777437828,1074438.4460758953,2578178.8272563512,1503740.381180456,0.0,155.0157049507834,0.0,4.734381632490451e-10,15142.090073338135,14414.104974229254,199.23802728076492,189.6592759767007,250.0,0.125,363.992549839859
203,9,3,False,1074438.4460758953,1051235.812213238,1074438.4460758953,1698599.8261745186,624161.3800986232,0.0,39.50495632039383,0.0,25.231445075734214,15142.090073338135,14778.097523683833,199.23802728076492,194.44865162741885,125.0,0.0625,181.9962749199295
204,9,4,False,1074438.4460758953,1062851.8234294031,1074438.4460758953,1865085.5304400562,790647.0843641609,0.0,40.218395728420546,0.0,40.00497497264477,15142.090073338135,14960.093799275235,199.23802728076492,196.84333946414782,62.5,0.03125,90.99813745996475
205,9,5,False,1074438.4460758953,1068647.6946318692,1074438.4460758953,2016986.246369484,942547.8002935888,0.0,47.442110034472535,0.0,47.39174513928894,15142.090073338135,15051.091936205305,199.23802728076492,198.04068337112244,31.25,0.015625,45.499068729982376
206,9,6,False,1074438.4460758953,1071542.6021000084,1074438.4460758953,2093366.3960276546,1018927.9499517593,0.0,51.09726583315205,0.0,51.085113559612566,15142.090073338135,15096.591006598474,199.23802728076492,198.63935534997992,15.625,0.0078125,22.749534364991188
207,9,7,False,1074438.4460758953,1072990.5930027836,1074438.4460758953,2131656.0502802962,1057217.604204401,0.0,52.93473382738557,0.0,52.931811900365666,15142.090073338135,15119.340540264491,199.23802728076492,198.93869131926962,7.8125,0.00390625,11.374767182495594
208,9,8,False,1074438.4460758953,1073714.4525927342,1074438.4460758953,2150824.611323466,1076386.1652475707,0.0,53.8558353946255,0.0,53.85518047844767,15142.090073338135,15130.715309681103,199.23802728076492,199.08835933790925,3.90625,0.001953125,5.687383591247797
209,9,9,False,1074438.4460758953,1074076.345945658,1074438.4460758953,2160414.010309929,1085975.5642340337,0.0,54.316929886569596,0.0,54.316836549857534,15142.090073338135,15136.402690871233,199.23802728076492,199.16319330093728,1.953125,0.0009765625,2.8436917956238985
210,9,10,False,1074438.4460758953,1074257.2222725041,1074438.4460758953,2165264.5852829474,1090826.139207052,0.0,54.55034384091368,0.0,54.55039246013065,15142.090073338135,15139.246383599373,199.23802728076492,199.20061031051807,0.9765625,0.00048828125,1.4218458978119493
211,9,11,False,1074438.4460758953,1074346.2745759373,1074438.4460758953,2167607.7875134475,1093169.3414375521,0.0,54.6630350049154,0.0,54.663116288835596,15142.090073338135,15140.668228095115,199.23802728076492,199.2193187907252,0.48828125,0.000244140625,0.7109229489059746
212,9,12,False,1074438.4460758953,1074390.8724684038,1074438.4460758953,2168806.5388248377,1094368.0927489423,0.0,54.72073832375554,0.0,54.72082831188784,15142.090073338135,15141.379152185464,199.23802728076492,199.22867305507188,0.244140625,0.0001220703125,0.3554614744529873
213,9,13,False,1074438.4460758953,1074413.170251835,1074438.4460758953,2169405.6922076773,1094967.246131782,0.0,54.74958001933692,0.0,54.749672176247344,15142.090073338135,15141.734613271637,199.23802728076492,199.23335017462682,0.1220703125,6.103515625e-05,0.17773073722649366
214,9,14,False,1074438.4460758953,1074424.3268015312,1074438.4460758953,2169708.3686237447,1095269.9225478494,0.0,54.76415573801387,0.0,54.76424844420746,15142.090073338135,15141.91234484436,199.23802728076492,199.2356887479521,0.06103515625,3.0517578125e-05,0.08886536861324683
215,9,15,False,1074438.4460758953,1074429.8990229908,1074438.4460758953,2169857.032389242,1095418.5863133469,0.0,54.77131025027302,0.0,54.77140308635213,15142.090073338135,15142.001210770033,199.23802728076492,199.2368580364478,0.030517578125,1.52587890625e-05,0.044432684306623414
216,9,16,False,1074438.4460758953,1074432.6917195565,1074438.4460758953,2169934.9037820934,1095496.457706198,0.0,54.775064168477456,0.0,54.77515703777624,15142.090073338135,15142.04564496599,199.23802728076492,199.23744269692094,0.0152587890625,7.62939453125e-06,0.022216342153311707
217,9,17,False,1074438.4460758953,1074434.1058429133,1074438.4460758953,2169982.80001589,1095544.3539399947,0.0,54.77738826962559,0.0,54.77748114767207,15142.090073338135,15142.067859927956,199.23802728076492,199.23773499905207,0.00762939453125,3.814697265625e-06,0.011108171076655854
218,9,18,False,1074438.4460758953,1074434.8089849935,1074438.4460758953,2170004.8284857166,1095566.3824098213,0.0,54.778454535379296,0.0,54.778547414693,15142.090073338135,15142.07896748074,199.23802728076492,199.23788115106237,0.003814697265625,1.9073486328125e-06,0.005554085538327927
219,9,19,False,1074438.4460758953,1074435.172163036,1074438.4460758953,2170021.646175528,1095583.2000996326,0.0,54.77927726093594,0.0,54.77937014031326,15142.090073338135,15142.084521236373,199.23802728076492,199.2379542267944,0.0019073486328125,9.5367431640625e-07,0.0027770427691639634
220,9,20,False,1074438.4460758953,1074435.3749161474,1074438.4460758953,2170041.6866266034,1095603.240550708,0.0,54.780269146308,0.0,54.780362024737606,15142.090073338135,15142.087300724974,199.23802728076492,199.2379907990128,0.00095367431640625,4.76837158203125e-07,0.0013885213845819817
221,9,21,False,1074438.4460758953,1074435.4536562073,1074438.4460758953,2170039.6995148654,1095601.25343897,0.0,54.78016585372916,0.0,54.78025873213665,15142.090073338135,15142.088688179381,199.23802728076492,199.23800905499186,0.000476837158203125,2.384185791015625e-07,0.0006942606922909908
222,9,22,False,1074438.4460758953,1074435.495274889,1074438.4460758953,2170039.6051124493,1095601.159036554,0.0,54.78015905270286,0.0,54.78025193105319,15142.090073338135,15142.089386319465,199.23802728076492,199.23801824104558,0.0002384185791015625,1.1920928955078125e-07,0.0003471303461454954
223,9,23,False,1074438.4460758953,1074435.5203323937,1074438.4460758953,2170042.2654657415,1095603.8193898462,0.0,54.78029081757995,0.0,54.78038369575484,15142.090073338135,15142.089730833428,199.23802728076492,199.23802277412406,0.00011920928955078125,5.960464477539063e-08,0.0001735651730727477
224,9,24,False,1074438.4460758953,1074435.5390764207,1074438.4460758953,2170046.9460938256,1095608.5000179303,0.0,54.780523911930686,0.0,54.78061678980983,15142.090073338135,15142.089901815656,199.23802728076492,199.2380250238902,5.9604644775390625e-05,2.9802322387695312e-08,8.678258653637386e-05
225,10,0,False,842558.2816545137,699722.1243084024,842558.2816545137,14248056.388148403,13405498.106493888,0.0,1354.7318043918349,0.0,0.10162199216514581,11903.551225280731,9614.406759046917,198.39252042134552,160.24011265078195,1000.0,0.5,1144.5722332000705
226,10,1,False,842558.2816545137,772282.4556035716,842558.2816545137,8221401.348872037,7378843.067217523,0.0,744.8606724645942,0.0,0.051216862252291134,11903.551225280731,10758.97899230985,198.39252042134552,179.31631653849752,500.0,0.25,572.2861166000353
227,10,2,False,842558.2816545137,807707.7201227632,842558.2816545137,4748968.2953350665,3906410.013680553,0.0,394.10004321997985,0.0,0.026014301250484338,11903.551225280731,11331.26510886337,198.39252042134552,188.85441848105617,250.0,0.125,286.14305830001763
228,10,3,False,842558.2816545137,825207.1644901419,842558.2816545137,2897967.7267526994,2055409.4450981857,0.0,207.26264325808734,0.0,0.013412968168429379,11903.551225280731,11617.408168404636,198.39252042134552,193.6234694734106,125.0,0.0625,143.07152915000881
229,10,4,False,842558.2816545137,833903.5721743244,842558.2816545137,1943783.292680438,1101225.0110259242,0.0,110.98085968475789,0.0,0.007112365853452145,11903.551225280731,11760.479696651737,198.39252042134552,196.00799494419562,62.5,0.03125,71.53576457500441
230,10,5,False,842558.2816545137,838238.4580671653,842558.2816545137,1459515.4524531262,616957.1707986125,0.0,62.123737387824804,0.0,0.003962050771288677,11903.551225280731,11832.015461109055,198.39252042134552,197.20025768515092,31.25,0.015625,35.767882287502204
231,10,6,False,842558.2816545137,840402.5725127792,842558.2816545137,1215589.6068320519,373031.3251775382,0.0,37.516316529829055,0.0,0.0023869020982263266,11903.551225280731,11867.783343052928,198.39252042134552,197.79638905088214,15.625,0.0078125,17.883941143751102
232,10,7,False,842558.2816545137,841483.7944600158,842558.2816545137,1093177.5925542251,250619.31089971145,0.0,25.16778048593551,0.0,0.0015993234854266806,11903.551225280731,11885.667284173149,198.39252042134552,198.09445473621915,7.8125,0.00390625,8.941970571875551
233,10,8,False,842558.2816545137,842024.1959655639,842558.2816545137,1025520.8485018444,182962.56684733077,0.0,18.34849997330457,0.0,0.001165280323488911,11903.551225280731,11894.609254834064,198.39252042134552,198.24348758056774,3.90625,0.001953125,4.4709852859377754
234,10,9,False,842558.2816545137,842294.3426792653,842558.2816545137,979429.6995157723,136871.4178612586,0.0,13.712665079161525,0.0,0.0008706044891723611,11903.551225280731,11899.080240175303,198.39252042134552,198.3180040029217,1.953125,0.0009765625,2.2354926429688877
235,10,10,False,842558.2816545137,842429.4010659695,842558.2816545137,956300.528438324,113742.24678381032,0.0,11.3863899349235,0.0,0.000722802311953033,11903.551225280731,11901.315733199855,198.39252042134552,198.3552622199976,0.9765625,0.00048828125,1.1177463214844439
236,10,11,False,842558.2816545137,842495.8427348715,842558.2816545137,922481.7553981983,79923.47374368459,0.0,7.947391105815768,0.0,0.051200160516899004,11903.551225280731,11902.433663161975,198.39252042134552,198.37389438603293,0.48828125,0.000244140625,0.5588731607422219
237,10,12,False,842558.2816545137,842528.7405713778,842558.2816545137,897482.823501704,54924.541847190354,0.0,5.407341921236366,0.0,0.088066371796258,11903.551225280731,11902.993718335247,198.39252042134552,198.38322863892077,0.244140625,0.0001220703125,0.27943658037111097
238,10,13,False,842558.2816545137,842544.0841967479,842558.2816545137,864605.8569600036,22047.57530548994,0.0,2.0736871426925063,0.0,0.1324901336330727,11903.551225280731,11903.27183245662,198.39252042134552,198.387863874277,0.1220703125,6.103515625e-05,0.13971829018555548
239,10,14,False,842558.2816545137,842552.0932065675,842558.2816545137,854314.4337678587,11756.152113344986,0.0,1.0293725514784455,0.0,0.1468615046506758,11903.551225280731,11903.411528842229,198.39252042134552,198.39019214737047,0.06103515625,3.0517578125e-05,0.06985914509277774
240,10,15,False,842558.2816545137,842556.3282502247,842558.2816545137,853856.2554547323,11297.973800218664,0.0,0.9819241631776094,0.0,0.14806855727315327,11903.551225280731,11903.481427752717,198.39252042134552,198.39135712921194,0.030517578125,1.52587890625e-05,0.03492957254638887
241,10,16,False,842558.2816545137,842558.2033588871,842558.2816545137,848659.9127282582,6101.631073744502,0.0,0.4551631207577884,0.0,0.15500781617932322,11903.551225280731,11903.516359071782,198.39252042134552,198.39193931786303,0.0152587890625,7.62939453125e-06,0.017464786273194435
242,10,17,False,842558.2816545137,842559.1759991347,842558.2816545137,846833.8483333776,4275.56667886395,0.0,0.26997495256364346,0.0,0.15749228086064854,11903.551225280731,11903.533795213189,198.39252042134552,198.39222992021982,0.00762939453125,3.814697265625e-06,0.008732393136597218
243,10,18,False,842558.2816545137,842559.6644367956,842558.2816545137,845901.5301442946,3343.2484897809336,0.0,0.17535525420680642,0.0,0.15883131654309304,11903.551225280731,11903.542525305857,198.39252042134552,198.39237542176429,0.003814697265625,1.9073486328125e-06,0.004366196568298609
244,10,19,False,842558.2816545137,842560.035016116,842558.2816545137,848094.584876125,5536.303221611306,0.0,0.39741508662700653,0.0,0.15603989937389276,11903.551225280731,11903.546879815915,198.39252042134552,198.3924479969319,0.0019073486328125,9.5367431640625e-07,0.0021830982841493044
245,10,20,False,842558.2816545137,842560.1609212346,842558.2816545137,847943.3496137079,5385.067959194188,0.0,0.38208584673702717,0.0,0.1562330225103007,11903.551225280731,11903.549067392634,198.39252042134552,198.3924844565439,0.00095367431640625,4.76837158203125e-07,0.0010915491420746522
246,10,21,False,842558.2816545137,842560.145658766,842558.2816545137,846289.2450399587,3730.963385445066,0.0,0.21456740843132138,0.0,0.1583425296879446,11903.551225280731,11903.550136825945,198.39252042134552,198.3925022804324,0.000476837158203125,2.384185791015625e-07,0.0005457745710373261
247,10,22,False,842558.2816545137,842560.129274282,842558.2816545137,845753.0756588845,3194.7940043708077,0.0,0.1596473232975839,0.0,0.1596473151626644,11903.551225280731,11903.550684471007,198.39252042134552,198.39251140785012,0.0002384185791015625,1.1920928955078125e-07,0.00027288728551866305
248,10,23,False,842558.2816545137,842560.1161016043,842558.2816545137,845768.6433887236,3210.3617342099315,0.0,0.1604263696520576,0.0,0.16042635905987057,11903.551225280731,11903.5509557854,198.39252042134552,198.39251592975668,0.00011920928955078125,5.960464477539063e-08,0.00013644364275933153
249,10,24,False,842558.2816545137,842560.107579184,842558.2816545137,845777.4241365069,3219.1424819931854,0.0,0.16086583778142938,0.0,0.16086581795084706,11903.551225280731,11903.551090906169,198.39252042134552,198.39251818176947,5.9604644775390625e-05,2.9802322387695312e-08,6.822182137966576e-05
250,2,0,False,1082604.8600511726,900287.1594965854,1082604.8600511726,4336991.233885305,3254386.373834132,0.0,343.6704074386507,0.0,2.2127595185108593e-10,15257.18728114412,12323.11280443963,198.14528936550806,160.0404260316835,1000.0,0.5,1467.03723857155
251,2,1,False,1082604.8600511726,993549.528341,1082604.8600511726,3099796.3430402447,2017191.482989072,0.0,205.78075656853616,0.0,4.8439249013882835,15257.18728114412,13790.15004308815,198.14528936550806,179.0928577024435,500.0,0.25,733.518619285775
252,2,2,False,1082604.8600511726,1038976.8038620766,1082604.8600511726,2213405.023773545,1130800.1637223724,0.0,100.07442242931575,0.0,17.368399561831087,15257.18728114412,14523.668661981581,198.14528936550806,188.61907353222833,250.0,0.125,366.7593096428875
253,2,3,False,1082604.8600511726,1061181.2097428846,1082604.8600511726,1713939.076285483,631334.2162343105,0.0,34.7325386274606,0.0,30.54324802679925,15257.18728114412,14890.427976912522,198.14528936550806,193.38218151834445,125.0,0.0625,183.37965482144375
254,2,4,False,1082604.8600511726,1071921.2695565938,1082604.8600511726,1922200.1493191472,839595.2892679747,0.0,42.36703364510504,0.0,42.660854331150304,15257.18728114412,15073.807629025983,198.14528936550806,195.76373544189588,62.5,0.03125,91.68982741072188
255,2,5,False,1082604.8600511726,1077270.2296753891,1082604.8600511726,2050896.689701008,968291.8296498354,0.0,48.64304234368956,0.0,48.7196036588723,15257.18728114412,15165.497462979167,198.14528936550806,196.95451250622295,31.25,0.015625,45.84491370536094
256,2,6,False,1082604.8600511726,1079946.0415069803,1082604.8600511726,2114731.0800862545,1032126.220035082,0.0,51.72947937516619,0.0,51.74902448276121,15257.18728114412,15211.342371793764,198.14528936550806,197.54990093238655,15.625,0.0078125,22.92245685268047
257,2,7,False,1082604.8600511726,1081285.3419152077,1082604.8600511726,2146510.182206588,1063905.3221554153,0.0,53.25876476109261,0.0,53.2637192680454,15257.18728114412,15234.264830747812,198.14528936550806,197.84759520451703,7.8125,0.00390625,11.461228426340234
258,2,8,False,1082604.8600511726,1081954.5796209045,1082604.8600511726,2162363.540149787,1079758.6800986144,0.0,54.019815682595436,0.0,54.0210803702928,15257.18728114412,15245.726055697442,198.14528936550806,197.99644228178497,3.90625,0.001953125,5.730614213170117
259,2,9,False,1082604.8600511726,1082289.1250338221,1082604.8600511726,2170280.2975495495,1087675.437498377,0.0,54.39939010415219,0.0,54.39972714742054,15257.18728114412,15251.456674378604,198.14528936550806,198.07086590102082,1.953125,0.0009765625,2.8653071065850586
260,2,10,False,1082604.8600511726,1082456.377945645,1082604.8600511726,2174237.4849470886,1091632.624895916,0.0,54.58900316290419,0.0,54.58910753724017,15257.18728114412,15254.321975064202,198.14528936550806,198.10807759823638,0.9765625,0.00048828125,1.4326535532925293
261,2,11,False,1082604.8600511726,1082540.0044436108,1082604.8600511726,2176213.772758508,1093608.9127073355,0.0,54.68366532606251,0.0,54.68371150542718,15257.18728114412,15255.754634519099,198.14528936550806,198.1266835651831,0.48828125,0.000244140625,0.7163267766462647
262,2,12,False,1082604.8600511726,1082581.8149798887,1082604.8600511726,2177202.521351082,1094597.6612999092,0.0,54.73101952246088,0.0,54.731051114658406,15257.18728114412,15256.470969394695,198.14528936550806,198.13598661551552,0.244140625,0.0001220703125,0.3581633883231323
263,2,13,False,1082604.8600511726,1082602.227374985,1082604.8600511726,2177897.274965957,1095292.4149147843,0.0,54.76473886549775,0.0,54.76476589359944,15257.18728114412,15256.829136786053,198.14528936550806,198.1406381400786,0.1220703125,6.103515625e-05,0.17908169416156616
264,2,14,False,1082604.8600511726,1082612.8119728193,1082604.8600511726,2178099.861930269,1095495.0018790963,0.0,54.774339144451915,0.0,54.77436585129301,15257.18728114412,15257.00825962221,198.14528936550806,198.14296441067805,0.06103515625,3.0517578125e-05,0.08954084708078308
265,2,15,False,1082604.8600511726,1082618.2206773683,1082604.8600511726,2178166.22197342,1095561.3619222476,0.0,54.77738670902272,0.0,54.77741342058247,15257.18728114412,15257.097791852271,198.14528936550806,198.14412716691263,0.030517578125,1.52587890625e-05,0.04477042354039154
266,2,16,False,1082604.8600511726,1082621.250802084,1082604.8600511726,2178151.7918186067,1095546.931767434,0.0,54.77651369842988,0.0,54.77654040322238,15257.18728114412,15257.146535323584,198.14528936550806,198.14476019900758,0.0152587890625,7.62939453125e-06,0.02238521177019577
267,2,17,False,1082604.8600511726,1082624.7809715155,1082604.8600511726,2178169.2874961672,1095564.4274449947,0.0,54.777211968730626,0.0,54.77723868373454,15257.18728114412,15257.205355530989,198.14528936550806,198.14552409780504,0.00762939453125,3.814697265625e-06,0.011192605885097885
268,2,18,False,1082604.8600511726,1082624.485425838,1082604.8600511726,2178112.3739015823,1095507.5138504098,0.0,54.7743810825159,0.0,54.77440776505853,15257.18728114412,15257.197618173861,198.14528936550806,198.14542361264753,0.003814697265625,1.9073486328125e-06,0.005596302942548943
269,2,19,False,1082604.8600511726,1082624.2363074105,1082604.8600511726,2178055.7636361625,1095450.90358499,0.0,54.77156306231427,0.0,54.77158967056091,15257.18728114412,15257.190754319352,198.14528936550806,198.1453344716799,0.0019073486328125,9.5367431640625e-07,0.0027981514712744713
270,2,20,False,1082604.8600511726,1082623.8941791076,1082604.8600511726,2178134.954401369,1095530.0943501967,0.0,54.7755396625671,0.0,54.77556635965906,15257.18728114412,15257.188801049962,198.14528936550806,198.14530910454496,0.00095367431640625,4.76837158203125e-07,0.0013990757356372356
271,2,21,False,1082604.8600511726,1082623.8821746835,1082604.8600511726,2178118.4537357963,1095513.5936846237,0.0,54.7747152360007,0.0,54.77474192011059,15257.18728114412,15257.1877950771,198.14528936550806,198.14529603996232,0.000476837158203125,2.384185791015625e-07,0.0006995378678186178
272,2,22,False,1082604.8600511726,1082623.877052305,1082604.8600511726,2178114.1785449577,1095509.318493785,0.0,54.77450173451871,0.0,54.77452841474658,15257.18728114412,15257.187507523995,198.14528936550806,198.14529230550642,0.0002384185791015625,1.1920928955078125e-07,0.0003497689339093089
273,2,23,False,1082604.8600511726,1082623.9174120452,1082604.8600511726,2178096.3244443564,1095491.4643931838,0.0,54.773607020659256,0.0,54.77363368257187,15257.18728114412,15257.187306470962,198.14528936550806,198.14528969442807,0.00011920928955078125,5.960464477539063e-08,0.00017488446695465446
274,2,24,False,1082604.8600511726,1082623.867746661,1082604.8600511726,2178113.089439168,1095508.2293879956,0.0,54.77444774504056,0.0,54.774474424210155,15257.18728114412,15257.187289042846,198.14528936550806,198.14528946808892,5.9604644775390625e-05,2.9802322387695312e-08,8.744223347732723e-05
275,3,0,False,1135910.8935452774,944932.4206307036,1135910.8935452774,5862841.860343251,4726930.966797974,0.0,491.79094397090375,0.0,3.5102645940610596e-10,16008.190414064755,12929.692258730694,197.63198042055254,159.62583035469993,1000.0,0.5,1539.2490782754574
276,3,1,False,1135910.8935452774,1042599.228776446,1135910.8935452774,3150539.207455894,2014628.3139106166,0.0,205.82450017193332,0.0,4.969497696011445,16008.190414064755,14468.941345098896,197.63198042055254,178.6289054950481,500.0,0.25,769.6245391377287
277,3,2,False,1135910.8935452774,1089786.2175820048,1135910.8935452774,2032426.2602185311,896515.3666732537,0.0,68.6697300071828,0.0,25.594274256469827,16008.190414064755,15238.5658828988,197.63198042055254,188.13044299875062,250.0,0.125,384.81226956886434
278,3,3,False,1135910.8935452774,1112955.011490889,1135910.8935452774,1913451.813173011,777540.9196277335,0.0,39.863596281233185,0.0,40.186083886979,16008.190414064755,15623.378153965408,197.63198042055254,192.88121177735073,125.0,0.0625,192.40613478443217
279,3,4,False,1135910.8935452774,1124459.3812848986,1135910.8935452774,2073178.8506763147,937267.9571310373,0.0,47.389936712304916,0.0,47.48201022683668,16008.190414064755,15815.784284653917,197.63198042055254,195.2565961068385,62.5,0.03125,96.20306739221608
280,3,5,False,1135910.8935452774,1130191.4488946735,1135910.8935452774,2152548.9627620312,1016638.0692167538,0.0,51.1058007694628,0.0,51.12995061727295,16008.190414064755,15911.987352079434,197.63198042055254,196.44428829727696,31.25,0.015625,48.10153369610804
281,3,6,False,1135910.8935452774,1133052.6306657167,1135910.8935452774,2192072.1313071107,1056161.2377618332,0.0,52.94803472917192,0.0,52.95391533496749,16008.190414064755,15960.08888412948,197.63198042055254,197.03813437196888,15.625,0.0078125,24.05076684805402
282,3,7,False,1135910.8935452774,1134474.790064584,1135910.8935452774,2217873.297243431,1081962.4036981538,0.0,54.170314369175685,0.0,54.16953634870902,16008.190414064755,15984.139661858495,197.63198042055254,197.33505755380858,7.8125,0.00390625,12.02538342402701
283,3,8,False,1135910.8935452774,1135202.1993556109,1135910.8935452774,2224628.4436917445,1088717.550146467,0.0,54.47157513756247,0.0,54.47104929605091,16008.190414064755,15996.16504227441,197.63198042055254,197.48351904042482,3.90625,0.001953125,6.012691712013505
284,3,9,False,1135910.8935452774,1135565.8290643697,1135910.8935452774,2228007.4693397195,1092096.575794442,0.0,54.62231609551054,0.0,54.62184793202445,16008.190414064755,16002.177727335831,197.63198042055254,197.55774972019546,1.953125,0.0009765625,3.0063458560067526
285,3,10,False,1135910.8935452774,1135747.629120881,1135910.8935452774,2229696.1920215413,1093785.2984762639,0.0,54.69765613918207,0.0,54.69720015088396,16008.190414064755,16005.184076732658,197.63198042055254,197.59486514484763,0.9765625,0.00048828125,1.5031729280033763
286,3,11,False,1135910.8935452774,1135838.5237594238,1135910.8935452774,2230540.8092960753,1094629.9157507978,0.0,54.73534129716245,0.0,54.73488725650271,16008.190414064755,16006.687247710792,197.63198042055254,197.61342281124433,0.48828125,0.000244140625,0.7515864640016882
287,3,12,False,1135910.8935452774,1135883.9790069212,1135910.8935452774,2230959.844367179,1095048.9508219017,0.0,54.75402029934048,0.0,54.75356623668529,16008.190414064755,16007.438842074838,197.63198042055254,197.62270175401034,0.244140625,0.0001220703125,0.3757932320008441
288,3,13,False,1135910.8935452774,1135906.671969312,1135910.8935452774,2231184.3648256855,1095273.471280408,0.0,54.76411185713732,0.0,54.76365742850006,16008.190414064755,16007.814652471432,197.63198042055254,197.6273413885362,0.1220703125,6.103515625e-05,0.18789661600042204
289,3,14,False,1135910.8935452774,1135917.9041645913,1135910.8935452774,2231342.493716703,1095431.6001714254,0.0,54.77145684700736,0.0,54.77100210820377,16008.190414064755,16008.002582109482,197.63198042055254,197.62966150752447,0.06103515625,3.0517578125e-05,0.09394830800021102
290,3,15,False,1135910.8935452774,1135923.5768573869,1135910.8935452774,2231429.44626425,1095518.5527189728,0.0,54.77552088032462,0.0,54.77506606036172,16008.190414064755,16008.096491033999,197.63198042055254,197.63082087696296,0.030517578125,1.52587890625e-05,0.04697415400010551
291,3,16,False,1135910.8935452774,1135926.492257069,1135910.8935452774,2231450.7681801477,1095539.8746348703,0.0,54.77644121916819,0.0,54.77598637313966,16008.190414064755,16008.14455468025,197.63198042055254,197.6314142553117,0.0152587890625,7.62939453125e-06,0.023487077000052755
292,3,17,False,1135910.8935452774,1135929.5799142802,1135910.8935452774,2231402.973089192,1095492.0795439146,0.0,54.77389709936142,0.0,54.773442218129766,16008.190414064755,16008.193173846286,197.63198042055254,197.63201449192945,0.00762939453125,3.814697265625e-06,0.011743538500026377
293,3,18,False,1135910.8935452774,1135920.246008612,1135910.8935452774,2231483.1019590795,1095572.208413802,0.0,54.77837021406958,0.0,54.77791538097719,16008.190414064755,16008.202157590593,197.63198042055254,197.632125402353,0.003814697265625,1.9073486328125e-06,0.005871769250013189
294,3,19,False,1135910.8935452774,1135917.781754324,1135910.8935452774,2231480.807305172,1095569.9137598947,0.0,54.77837869428731,0.0,54.777923860797515,16008.190414064755,16008.196285755985,197.63198042055254,197.63205291056772,0.0019073486328125,9.5367431640625e-07,0.0029358846250065944
295,3,20,False,1135910.8935452774,1135929.5198340956,1135910.8935452774,2231364.1419871775,1095453.2484419001,0.0,54.7719585738505,0.0,54.771503641457706,16008.190414064755,16008.190496818037,197.63198042055254,197.631981442198,0.00095367431640625,4.76837158203125e-07,0.0014679423125032972
296,3,21,False,1135910.8935452774,1135915.6768865907,1135910.8935452774,2231478.7624293496,1095567.8688840722,0.0,54.778381693953634,0.0,54.77792686032225,16008.190414064755,16008.19188146684,197.63198042055254,197.63199853662766,0.000476837158203125,2.384185791015625e-07,0.0007339711562516486
297,3,22,False,1135910.8935452774,1135929.503595184,1135910.8935452774,2231366.835720587,1095455.9421753096,0.0,54.7720940703548,0.0,54.771639142185485,16008.190414064755,16008.19042586413,197.63198042055254,197.63198056622383,0.0002384185791015625,1.1920928955078125e-07,0.0003669855781258243
298,3,23,False,1135910.8935452774,1135914.108334466,1135910.8935452774,2231477.2190683708,1095566.3255230933,0.0,54.77838295324909,0.0,54.77792812014139,16008.190414064755,16008.190414076422,197.63198042055254,197.63198042069658,0.00011920928955078125,5.960464477539063e-08,0.00018349278906291215
299,3,24,False,1135910.8935452774,1135929.5775356528,1135910.8935452774,2231340.7696536356,1095429.8761083581,0.0,54.770787091954844,0.0,54.770332119843424,16008.190414064755,16008.190408697468,197.63198042055254,197.63198035428974,5.9604644775390625e-05,2.9802322387695312e-08,9.174639453145607e-05
300,4,0,False,1078350.0587523521,895919.4379424765,1078350.0587523521,4250427.810956566,3172077.7522042133,0.0,335.45083730109036,0.0,3.18475743692612e-10,15197.254680129954,12274.7057033816,199.96387737013097,161.50928557081053,1000.0,0.5,1461.274488474034
301,4,1,False,1078350.0587523521,988733.8555403972,1078350.0587523521,2480849.9177590553,1402499.8590067031,0.0,135.4976840163581,0.0,13.713922205507728,15197.254680129954,13735.980192339139,199.96387737013097,180.73658147814658,500.0,0.25,730.637244237017
302,4,2,False,1078350.0587523521,1033915.1306762511,1078350.0587523521,1711800.5385803361,633450.479827984,0.0,33.54216678580269,0.0,34.2463740046058,15197.254680129954,14466.617436202716,199.96387737013097,190.35022942371995,250.0,0.125,365.3186221185085
303,4,3,False,1078350.0587523521,1056225.7918244672,1078350.0587523521,1943055.2979173148,864705.2391649627,0.0,44.170350846266956,0.0,44.51259976301781,15197.254680129954,14831.936058168227,199.96387737013097,195.15705339695035,125.0,0.0625,182.65931105925424
304,4,4,False,1078350.0587523521,1067311.106455984,1078350.0587523521,2059311.9472124344,980961.8884600822,0.0,49.55438298419722,0.0,49.645701091447805,15197.254680129954,15014.595372288337,199.96387737013097,197.56046542484654,62.5,0.03125,91.32965552962712
305,4,5,False,1078350.0587523521,1072836.272970954,1078350.0587523521,2116843.0820214907,1038493.0232691385,0.0,52.18843260160975,0.0,52.21224830344392,15197.254680129954,15105.925031137047,199.96387737013097,198.76217146232958,31.25,0.015625,45.66482776481356
306,4,6,False,1078350.0587523521,1075594.49055231,1078350.0587523521,2145441.8286794494,1067091.7699270973,0.0,53.48919066152121,0.0,53.49554315119275,15197.254680129954,15151.589855560329,199.96387737013097,199.3630244152675,15.625,0.0078125,22.83241388240678
307,4,7,False,1078350.0587523521,1076972.5027524051,1078350.0587523521,2159696.6730013136,1081346.6142489614,0.0,54.13525158945049,0.0,54.137165435440366,15197.254680129954,15174.422282686557,199.96387737013097,199.663451087981,7.8125,0.00390625,11.41620694120339
308,4,8,False,1078350.0587523521,1077661.2463871327,1078350.0587523521,2166812.942835574,1088462.884083222,0.0,54.45718734385082,0.0,54.457982300993294,15197.254680129954,15185.838482039591,199.96387737013097,199.81366423736304,3.90625,0.001953125,5.708103470601695
309,4,9,False,1078350.0587523521,1078005.5685379028,1078350.0587523521,2170368.368937573,1092018.3101852208,0.0,54.617883009032084,0.0,54.618397030934915,15197.254680129954,15191.546583808771,199.96387737013097,199.88877083958909,1.953125,0.0009765625,2.8540517353008474
310,4,10,False,1078350.0587523521,1078177.8081159417,1078350.0587523521,2172145.5214903466,1093795.4627379945,0.0,54.69816386397906,0.0,54.69860747346145,15197.254680129954,15194.400632046443,199.96387737013097,199.92632410587424,0.9765625,0.00048828125,1.4270258676504237
311,4,11,False,1078350.0587523521,1078263.123188045,1078350.0587523521,2173035.3362331097,1094685.2774807576,0.0,54.738397681558126,0.0,54.73882362294834,15197.254680129954,15195.827852581933,199.96387737013097,199.9451033234465,0.48828125,0.000244140625,0.7135129338252119
312,4,12,False,1078350.0587523521,1078305.5856766894,1078350.0587523521,2173476.5092389965,1095126.4504866444,0.0,54.75833540062922,0.0,54.758756955601505,15197.254680129954,15196.541195661635,199.96387737013097,199.95448941660047,0.244140625,0.0001220703125,0.35675646691260593
313,4,13,False,1078350.0587523521,1078326.823660014,1078350.0587523521,2173698.6233057044,1095348.5645533523,0.0,54.76837976041679,0.0,54.76880020415226,15197.254680129954,15196.897933562315,199.96387737013097,199.95918333634626,0.1220703125,6.103515625e-05,0.17837823345630296
314,4,14,False,1078350.0587523521,1078337.4408550397,1078350.0587523521,2173819.442379263,1095469.383626911,0.0,54.7738900026452,0.0,54.77431014977713,15197.254680129954,15197.076318164738,199.96387737013097,199.96153050216762,0.06103515625,3.0517578125e-05,0.08918911672815148
315,4,15,False,1078350.0587523521,1078342.7526727803,1078350.0587523521,2173877.087658429,1095527.028906077,0.0,54.77650670766889,0.0,54.776926790895985,15197.254680129954,15197.165546154009,199.96387737013097,199.96270455465802,0.030517578125,1.52587890625e-05,0.04459455836407574
316,4,16,False,1078350.0587523521,1078345.4051958744,1078350.0587523521,2173909.501686602,1095559.4429342498,0.0,54.77799479015994,0.0,54.7784148589128,15197.254680129954,15197.210124402294,199.96387737013097,199.9632911105565,0.0152587890625,7.62939453125e-06,0.02229727918203787
317,4,17,False,1078350.0587523521,1078346.735016464,1078350.0587523521,2173915.292620548,1095565.233868196,0.0,54.77821784578373,0.0,54.77863791462468,15197.254680129954,15197.232412337398,199.96387737013097,199.9635843728605,0.00762939453125,3.814697265625e-06,0.011148639591018935
318,4,18,False,1078350.0587523521,1078347.3995521856,1078350.0587523521,2173917.776955408,1095567.718203056,0.0,54.7783088356955,0.0,54.77872890462676,15197.254680129954,15197.243571067655,199.96387737013097,199.9637311982586,0.003814697265625,1.9073486328125e-06,0.005574319795509468
319,4,19,False,1078350.0587523521,1078347.7301631055,1078350.0587523521,2173919.088219584,1095569.0294672318,0.0,54.778357868346575,0.0,54.77877793730126,15197.254680129954,15197.249149907491,199.96387737013097,199.96380460404595,0.0019073486328125,9.5367431640625e-07,0.002787159897754734
320,4,20,False,1078350.0587523521,1078347.8975914156,1078350.0587523521,2173919.441314242,1095569.3825618897,0.0,54.77836715164631,0.0,54.77878722063632,15197.254680129954,15197.251932796467,199.96387737013097,199.96384122100616,0.00095367431640625,4.76837158203125e-07,0.001393579948877367
321,4,21,False,1078350.0587523521,1078347.9819690874,1078350.0587523521,2173920.162552047,1095570.103799695,0.0,54.77839899466562,0.0,54.77881906363035,15197.254680129954,15197.253330278416,199.96387737013097,199.96385960892653,0.000476837158203125,2.384185791015625e-07,0.0006967899744386835
322,4,22,False,1078350.0587523521,1078348.0238608145,1078350.0587523521,2173920.2740095174,1095570.2152571653,0.0,54.77840247295171,0.0,54.77882254191856,15197.254680129954,15197.254026026378,199.96387737013097,199.96386876350496,0.0002384185791015625,1.1920928955078125e-07,0.00034839498721934173
323,4,23,False,1078350.0587523521,1078348.0446072835,1078350.0587523521,2173920.347443352,1095570.2886909998,0.0,54.778405107321305,0.0,54.778825176285544,15197.254680129954,15197.254361835641,199.96387737013097,199.9638731820479,0.00011920928955078125,5.960464477539063e-08,0.00017419749360967086
324,4,24,False,1078350.0587523521,1078348.0553952241,1078350.0587523521,2173920.123983897,1095570.0652315447,0.0,54.77839339494494,0.0,54.77881346392231,15197.254680129954,15197.25456247384,199.96387737013097,199.9638758220242,5.9604644775390625e-05,2.9802322387695312e-08,8.709874680483543e-05
325,5,0,False,1125033.685025237,934652.5830821043,1125033.685025237,5035206.219341967,3910172.53431673,0.0,410.05536362575367,0.0,2.3266529429474412e-10,15854.919167153505,12805.89625223555,198.1864895894188,160.07370315294438,1000.0,0.5,1524.5114583801449
326,5,1,False,1125033.685025237,1031386.9315277343,1125033.685025237,2368675.800752464,1243642.1157272272,0.0,116.39167239889503,0.0,17.337214523577984,15854.919167153505,14330.407708908357,198.1864895894188,179.13009636135445,500.0,0.25,762.2557291900724
327,5,2,False,1125033.685025237,1078595.687341475,1125033.685025237,1813252.366058427,688218.6810331899,0.0,37.407859419563465,0.0,36.057808452131745,15854.919167153505,15092.663441454168,198.1864895894188,188.6582930181771,250.0,0.125,381.1278645950362
328,5,3,False,1125033.685025237,1101911.0236087563,1125033.685025237,2013520.9374636149,888487.2524383778,0.0,45.7428892708449,0.0,45.418102114640966,15854.919167153505,15473.791307297135,198.1864895894188,193.4223913412142,125.0,0.0625,190.5639322975181
329,5,4,False,1125033.685025237,1113496.435089312,1125033.685025237,2116257.5795464884,991223.8945212513,0.0,50.17785595960413,0.0,50.09825848611352,15854.919167153505,15664.355238690023,198.1864895894188,195.80444048362529,62.5,0.03125,95.28196614875905
330,5,5,False,1125033.685025237,1119271.0934809123,1125033.685025237,2168232.1180798956,1043198.4330546586,0.0,52.45777273881322,0.0,52.43832972108511,15854.919167153505,15759.637206557727,198.1864895894188,196.9954650819716,31.25,0.015625,47.64098307437953
331,5,6,False,1125033.685025237,1122153.9030407774,1125033.685025237,2194369.8881710125,1069336.2031457755,0.0,53.61322066840876,0.0,53.60837784461472,15854.919167153505,15807.27818607401,198.1864895894188,197.59097732592514,15.625,0.0078125,23.820491537189763
332,5,7,False,1125033.685025237,1123594.181015182,1125033.685025237,2207474.121148525,1082440.4361232878,0.0,54.194595868541,0.0,54.19339814479325,15854.919167153505,15831.098677495233,198.1864895894188,197.88873346869042,7.8125,0.00390625,11.910245768594882
333,5,8,False,1125033.685025237,1124314.0279754577,1125033.685025237,2214033.666440097,1088999.98141486,0.0,54.48606221353293,0.0,54.485901632931025,15854.919167153505,15843.008925555912,198.1864895894188,198.0376115694489,3.90625,0.001953125,5.955122884297441
334,5,9,False,1125033.685025237,1124673.8864790823,1125033.685025237,2217316.6731145266,1092282.9880892895,0.0,54.63211630319711,0.0,54.63216236034731,15854.919167153505,15848.964046333293,198.1864895894188,198.11205057916615,1.953125,0.0009765625,2.9775614421487204
335,5,10,False,1125033.685025237,1124852.4878245157,1125033.685025237,2218958.0142848263,1093924.3292595893,0.0,54.7052667947537,0.0,54.70528585127736,15854.919167153505,15851.941609108373,198.1864895894188,198.14927011385467,0.9765625,0.00048828125,1.4887807210743602
336,5,11,False,1125033.685025237,1124941.4436841665,1125033.685025237,2219778.1568811233,1094744.4718558863,0.0,54.741833276246325,0.0,54.74183804344937,15854.919167153505,15853.430394139656,198.1864895894188,198.16787992674568,0.48828125,0.000244140625,0.7443903605371801
337,5,12,False,1125033.685025237,1124985.9202616594,1125033.685025237,2220188.698768577,1095155.01374334,0.0,54.760138330153495,0.0,54.76013952053826,15854.919167153505,15854.174777679274,198.1864895894188,198.17718472099094,0.244140625,0.0001220703125,0.37219518026859005
338,5,13,False,1125033.685025237,1125008.1584659305,1125033.685025237,2220393.7331994837,1095360.0481742467,0.0,54.76927858801537,0.0,54.76927888533994,15854.919167153505,15854.546973259457,198.1864895894188,198.18183716574322,0.1220703125,6.103515625e-05,0.18609759013429503
339,5,14,False,1125033.685025237,1125019.2778767135,1125033.685025237,2220496.1311142235,1095462.4460889865,0.0,54.77384262471605,0.0,54.77384269903493,15854.919167153505,15854.733073035843,198.1864895894188,198.18416341294804,0.06103515625,3.0517578125e-05,0.09304879506714751
340,5,15,False,1125033.685025237,1125024.8373872123,1125033.685025237,2220547.150385217,1095513.4653599798,0.0,54.77611564056497,0.0,54.77611565923551,15854.919167153505,15854.826123475694,198.1864895894188,198.18532654344617,0.030517578125,1.52587890625e-05,0.04652439753357376
341,5,16,False,1125033.685025237,1125027.6183280996,1125033.685025237,2220572.7966871187,1095539.1116618817,0.0,54.777258915615676,0.0,54.777258920286215,15854.919167153505,15854.8726482475,198.1864895894188,198.18590810309374,0.0152587890625,7.62939453125e-06,0.02326219876678688
342,5,17,False,1125033.685025237,1125029.008146206,1125033.685025237,2220587.8116293116,1095554.1266040746,0.0,54.77794017371707,0.0,54.77794017459348,15854.919167153505,15854.89590882688,198.1864895894188,198.186198860336,0.00762939453125,3.814697265625e-06,0.01163109938339344
343,5,18,False,1125033.685025237,1125029.7041898377,1125033.685025237,2220593.4694271446,1095559.7844019076,0.0,54.77818826176372,0.0,54.77818826196696,15854.919167153505,15854.907544770072,198.1864895894188,198.1863443096259,0.003814697265625,1.9073486328125e-06,0.00581554969169672
344,5,19,False,1125033.685025237,1125030.0503701603,1125033.685025237,2220596.611133027,1095562.9261077899,0.0,54.77832803812635,0.0,54.77832803816033,15854.919167153505,15854.913363783178,198.1864895894188,198.18641704728972,0.0019073486328125,9.5367431640625e-07,0.00290777484584836
345,5,20,False,1125033.685025237,1125030.2267092834,1125033.685025237,2220598.1845912244,1095564.4995659874,0.0,54.778397894097,0.0,54.7783978940971,15854.919167153505,15854.916288229297,198.1864895894188,198.1864536028662,0.00095367431640625,4.76837158203125e-07,0.00145388742292418
346,5,21,False,1125033.685025237,1125030.313066538,1125033.685025237,2220598.6476676315,1095564.9626423945,0.0,54.77841673005423,0.0,54.77841673005513,15854.919167153505,15854.91773018767,198.1864895894188,198.18647162734587,0.000476837158203125,2.384185791015625e-07,0.00072694371146209
347,5,22,False,1125033.685025237,1125030.3567222308,1125033.685025237,2220598.616747288,1095564.931722051,0.0,54.778413001253284,0.0,54.778413001252446,15854.919167153505,15854.918467357062,198.1864895894188,198.18648084196326,0.0002384185791015625,1.1920928955078125e-07,0.000363471855731045
348,5,23,False,1125033.685025237,1125030.379167597,1125033.685025237,2220598.80551553,1095565.120490293,0.0,54.77842131739635,0.0,54.77842131739696,15854.919167153505,15854.91883568371,198.1864895894188,198.18648544604636,0.00011920928955078125,5.960464477539063e-08,0.0001817359278655225
349,5,24,False,1125033.685025237,1125030.390110481,1125033.685025237,2220598.829046215,1095565.144020978,0.0,54.77842194678669,0.0,54.778421946786715,15854.919167153505,15854.919004193353,198.1864895894188,198.1864875524169,5.9604644775390625e-05,2.9802322387695312e-08,9.086796393276124e-05
350,6,0,False,1100755.561174125,913839.2554628854,1100755.561174125,4999812.869475212,3899057.308301087,0.0,408.59736140072346,0.0,5.092444427235096e-10,15512.857187382699,12529.615422512647,198.88278445362434,160.63609516041853,1000.0,0.5,1491.6208834021825
351,6,1,False,1100755.561174125,1008620.2737116009,1100755.561174125,2298209.7313852077,1197454.1702110828,0.0,116.0926330620423,0.0,12.866312705318384,15512.857187382699,14021.236305294862,198.88278445362434,179.7594398114726,500.0,0.25,745.8104417010912
352,6,2,False,1100755.561174125,1055051.106018943,1100755.561174125,1751270.6937551547,650515.1325810298,0.0,35.79951697878823,0.0,33.82244179483294,15512.857187382699,14767.04675197071,198.88278445362434,189.3211122047527,250.0,0.125,372.9052208505456
353,6,3,False,1100755.561174125,1077994.109986699,1100755.561174125,1968807.8251797068,868052.2640055818,0.0,44.78086900598828,0.0,44.30050251331249,15512.857187382699,15139.95196949731,198.88278445362434,194.1019483268886,125.0,0.0625,186.4526104252728
354,6,4,False,1100755.561174125,1089397.4822735921,1100755.561174125,2081367.6152351806,980612.0540610556,0.0,49.65747702669796,0.0,49.53953626946091,15512.857187382699,15326.404586774344,198.88278445362434,196.49236649710699,62.5,0.03125,93.2263052126364
355,6,5,False,1100755.561174125,1095082.1388006702,1100755.561174125,2138553.7068389854,1037798.1456648605,0.0,52.18811033678321,0.0,52.1590464670483,15512.857187382699,15419.630885829063,198.88278445362434,197.68757545934696,31.25,0.015625,46.6131526063182
356,6,6,False,1100755.561174125,1097920.2201253586,1100755.561174125,2167367.13803673,1066611.5768626048,0.0,53.47588388265103,0.0,53.46880790848609,15512.857187382699,15466.244037460856,198.88278445362434,198.28517996744688,15.625,0.0078125,23.3065763031591
357,6,7,False,1100755.561174125,1099338.1954858154,1100755.561174125,2181828.110563575,1081072.5493894499,0.0,54.12529992843156,0.0,54.12369157934439,15512.857187382699,15489.550612188652,198.88278445362434,198.58398220754682,7.8125,0.00390625,11.65328815157955
358,6,8,False,1100755.561174125,1100046.9215086096,1100755.561174125,2189071.8692313614,1088316.3080572365,0.0,54.45136983960583,0.0,54.451124932669345,15512.857187382699,15501.203901931458,198.88278445362434,198.7333833580956,3.90625,0.001953125,5.826644075789775
359,6,9,False,1100755.561174125,1100401.3289441536,1100755.561174125,2192896.4112222525,1092140.8500481276,0.0,54.624672793857826,0.0,54.624835433952065,15512.857187382699,15507.030549792802,198.88278445362434,198.8080839717026,1.953125,0.0009765625,2.9133220378948876
360,6,10,False,1100755.561174125,1100577.7893261905,1100755.561174125,2194750.9271205342,1093995.3659464093,0.0,54.70854624540334,0.0,54.708767534031026,15512.857187382699,15509.943872103406,198.88278445362434,198.84543425773597,0.9765625,0.00048828125,1.4566610189474438
361,6,11,False,1100755.561174125,1100665.1075261622,1100755.561174125,2195536.500274622,1094780.939100497,0.0,54.74346347969913,0.0,54.74367579514686,15512.857187382699,15511.40052786997,198.88278445362434,198.86410933166627,0.48828125,0.000244140625,0.7283305094737219
362,6,12,False,1100755.561174125,1100708.7633115854,1100755.561174125,2195928.925264196,1095173.364090071,0.0,54.7609030496933,0.0,54.76111314556777,15512.857187382699,15512.128862639838,198.88278445362434,198.87344695692101,0.244140625,0.0001220703125,0.36416525473686095
363,6,13,False,1100755.561174125,1100730.5894601461,1100755.561174125,2196125.433121574,1095369.8719474492,0.0,54.769637406594484,0.0,54.7698469595483,15512.857187382699,15512.493024046207,198.88278445362434,198.87811569290008,0.1220703125,6.103515625e-05,0.18208262736843048
364,6,14,False,1100755.561174125,1100741.502687791,1100755.561174125,2196223.309538962,1095467.748364837,0.0,54.77398563087263,0.0,54.774195054244444,15512.857187382699,15512.675110779679,198.88278445362434,198.880450138201,0.06103515625,3.0517578125e-05,0.09104131368421524
365,6,15,False,1100755.561174125,1100746.958912761,1100755.561174125,2196272.564542823,1095517.003368698,0.0,54.776175584487646,0.0,54.77638497851855,15512.857187382699,15512.766150056264,198.88278445362434,198.88161730841364,0.030517578125,1.52587890625e-05,0.04552065684210762
366,6,16,False,1100755.561174125,1100749.6881000488,1100755.561174125,2196297.2286076047,1095541.6674334798,0.0,54.777272331260974,0.0,54.77748171949462,15512.857187382699,15512.811670237365,198.88278445362434,198.88220090047903,0.0152587890625,7.62939453125e-06,0.02276032842105381
367,6,17,False,1100755.561174125,1100751.0537557045,1100755.561174125,2196310.5982921375,1095555.0371180126,0.0,54.77787253296992,0.0,54.77808192067338,15512.857187382699,15512.834432721364,198.88278445362434,198.88249272719696,0.00762939453125,3.814697265625e-06,0.011380164210526905
368,6,18,False,1100755.561174125,1100751.7370392869,1100755.561174125,2196319.864007726,1095564.302833601,0.0,54.778301654265306,0.0,54.77851104257857,15512.857187382699,15512.84581365149,198.88278445362434,198.88263863655754,0.003814697265625,1.9073486328125e-06,0.005690082105263452
369,6,19,False,1100755.561174125,1100752.078375754,1100755.561174125,2196321.1441638405,1095565.5829897155,0.0,54.77834859522227,0.0,54.778557983586396,15512.857187382699,15512.851504599606,198.88278445362434,198.88271159743084,0.0019073486328125,9.5367431640625e-07,0.002845041052631726
370,6,20,False,1100755.561174125,1100752.248535854,1100755.561174125,2196321.7618091553,1095566.2006350304,0.0,54.77837096946678,0.0,54.77858035786338,15512.857187382699,15512.854349686053,198.88278445362434,198.88274807289812,0.00095367431640625,4.76837158203125e-07,0.001422520526315863
371,6,21,False,1100755.561174125,1100752.3333558359,1100755.561174125,2196322.14656679,1095566.5853926651,0.0,54.778385966339556,0.0,54.77859535475587,15512.857187382699,15512.855782565746,198.88278445362434,198.8827664431506,0.000476837158203125,2.384185791015625e-07,0.0007112602631579316
372,6,22,False,1100755.561174125,1100752.3756229773,1100755.561174125,2196322.1088137603,1095566.5476396354,0.0,54.77838196533776,0.0,54.77859135374055,15512.857187382699,15512.856493072473,198.88278445362434,198.8827755522112,0.0002384185791015625,1.1920928955078125e-07,0.0003556301315789658
373,6,23,False,1100755.561174125,1100752.3985711029,1100755.561174125,2196322.1803718098,1095566.6191976848,0.0,54.77838439582774,0.0,54.77859378424296,15512.857187382699,15512.856847047062,198.88278445362434,198.88278009034696,0.00011920928955078125,5.960464477539063e-08,0.0001778150657894829
374,6,24,False,1100755.561174125,1100752.4089540085,1100755.561174125,2196322.089172856,1095566.527998731,0.0,54.77837931674367,0.0,54.7785887051411,15512.857187382699,15512.857026671389,198.88278445362434,198.88278239322293,5.9604644775390625e-05,2.9802322387695312e-08,8.890753289474144e-05
375,7,0,False,1098888.6893324745,911595.3232923633,1098888.6893324745,7679353.708628716,6580465.019296242,0.0,676.7758385334164,0.0,2.1890328300698262e-10,15486.525257168778,12508.347323623435,198.54519560472792,160.36342722594148,1000.0,0.5,1489.0889670354593
376,7,1,False,1098888.6893324745,1006014.9467017356,1098888.6893324745,3170441.1581617137,2071552.4688292393,0.0,216.4426211458631,0.0,1.347199536140408e-10,15486.525257168778,13997.436290200952,198.54519560472792,179.45431141283274,500.0,0.25,744.5444835177296
377,7,2,False,1098888.6893324745,1052753.6352790333,1098888.6893324745,1858355.7486846922,759467.0593522177,0.0,54.65609890082851,0.0,25.904112439737368,15486.525257168778,14741.980773747297,198.54519560472792,188.99975350958073,250.0,0.125,372.2722417588648
378,7,3,False,1098888.6893324745,1075905.4720885642,1098888.6893324745,1890745.8798100562,791857.1904775817,0.0,41.14249067993296,0.0,40.34155009221624,15486.525257168778,15114.25301548134,198.54519560472792,193.77247455745308,125.0,0.0625,186.1361208794324
379,7,4,False,1098888.6893324745,1087418.1043281981,1098888.6893324745,2040567.5208918517,941678.8315593773,0.0,47.75468687800094,0.0,47.56025477836442,15486.525257168778,15300.389140275232,198.54519560472792,196.15883513173375,62.5,0.03125,93.0680604397162
380,7,5,False,1098888.6893324745,1093158.609553444,1098888.6893324745,2117026.4252066086,1018137.7358741341,0.0,51.217169382254724,0.0,51.16961218306174,15486.525257168778,15393.457201313122,198.54519560472792,197.35201540145027,31.25,0.015625,46.5340302198581
381,7,6,False,1098888.6893324745,1096024.9003725469,1098888.6893324745,2155625.47299792,1056736.7836654456,0.0,52.98576266476812,0.0,52.974294597769195,15486.525257168778,15439.991229799112,198.54519560472792,197.94860551024502,15.625,0.0078125,23.26701510992905
382,7,7,False,1098888.6893324745,1097457.0633713133,1098888.6893324745,2175015.1874951934,1076126.498162719,0.0,53.87916971420782,0.0,53.8766426981802,15486.525257168778,15463.258243069913,198.54519560472792,198.24690055217837,7.8125,0.00390625,11.633507554964526
383,7,8,False,1098888.6893324745,1098172.897512847,1098888.6893324745,2184732.04967838,1085843.3603459056,0.0,54.3281087651485,0.0,54.327806451404804,15486.525257168778,15474.891751679354,198.54519560472792,198.39604809845326,3.90625,0.001953125,5.816753777482263
384,7,9,False,1098888.6893324745,1098530.749740334,1098888.6893324745,2189596.0149602266,1090707.325627752,0.0,54.55313703810498,0.0,54.55338948388429,15486.525257168778,15480.70850680919,198.54519560472792,198.4706218821691,1.953125,0.0009765625,2.9083768887411314
385,7,10,False,1098888.6893324745,1098709.6724068506,1098888.6893324745,2192029.480603484,1093140.7912710095,0.0,54.665794953660225,0.0,54.666185866003104,15486.525257168778,15483.616883132709,198.54519560472792,198.50790875811165,0.9765625,0.00048828125,1.4541884443705657
386,7,11,False,1098888.6893324745,1098799.2255762038,1098888.6893324745,2193246.5301832883,1094357.8408508138,0.0,54.72215249518922,0.0,54.722577965519214,15486.525257168778,15485.071071380687,198.54519560472792,198.5265521971883,0.48828125,0.000244140625,0.7270942221852829
387,7,12,False,1098888.6893324745,1098843.7304816707,1098888.6893324745,2193855.1204745015,1094966.431142027,0.0,54.75035245245817,0.0,54.75078654682492,15486.525257168778,15485.798179248386,198.54519560472792,198.53587409292803,0.244140625,0.0001220703125,0.36354711109264143
388,7,13,False,1098888.6893324745,1098865.9240452389,1098888.6893324745,2194159.0406531394,1095270.3513206649,0.0,54.764437711146456,0.0,54.76487394964357,15486.525257168778,15486.161739790592,198.54519560472792,198.54053512552042,0.1220703125,6.103515625e-05,0.18177355554632071
389,7,14,False,1098888.6893324745,1098877.0425903478,1098888.6893324745,2194328.1045481493,1095439.4152156748,0.0,54.77233469238672,0.0,54.772771503393436,15486.525257168778,15486.343503679047,198.54519560472792,198.54286543178264,0.06103515625,3.0517578125e-05,0.09088677777316036
390,7,15,False,1098888.6893324745,1098882.6232550426,1098888.6893324745,2194434.3816804057,1095545.6923479312,0.0,54.777369450659535,0.0,54.77780639187677,15486.525257168778,15486.434375101955,198.54519560472792,198.54403045002508,0.030517578125,1.52587890625e-05,0.04544338888658018
391,7,16,False,1098888.6893324745,1098885.3044794723,1098888.6893324745,2194441.2712642318,1095552.5819317573,0.0,54.77757986845609,0.0,54.77801681001982,15486.525257168778,15486.479830635262,198.54519560472792,198.54461321327258,0.0152587890625,7.62939453125e-06,0.02272169444329009
392,7,17,False,1098888.6893324745,1098886.6857807683,1098888.6893324745,2194448.193317329,1095559.5039848546,0.0,54.777856905731824,0.0,54.77829384792424,15486.525257168778,15486.50254446829,198.54519560472792,198.54490441626012,0.00762939453125,3.814697265625e-06,0.011360847221645045
393,7,18,False,1098888.6893324745,1098887.346417655,1098888.6893324745,2194439.4413866177,1095550.7520541432,0.0,54.77738627652434,0.0,54.77782322037192,15486.525257168778,15486.513913244427,198.54519560472792,198.54505016980036,0.003814697265625,1.9073486328125e-06,0.005680423610822522
394,7,19,False,1098888.6893324745,1098887.7192234518,1098888.6893324745,2194449.109273327,1095560.4199408526,0.0,54.7778510310618,0.0,54.778287973925714,15486.525257168778,15486.519596361655,198.54519560472792,198.54512303027764,0.0019073486328125,9.5367431640625e-07,0.002840211805411261
395,7,20,False,1098888.6893324745,1098887.8847005235,1098888.6893324745,2194447.510890986,1095558.8215585114,0.0,54.77776283786261,0.0,54.77819978118363,15486.525257168778,15486.522446948706,198.54519560472792,198.54515957626546,0.00095367431640625,4.76837158203125e-07,0.0014201059027056306
396,7,21,False,1098888.6893324745,1098887.979163642,1098888.6893324745,2194450.358407509,1095561.6690750346,0.0,54.77790049068608,0.0,54.77833743370064,15486.525257168778,15486.523861008687,198.54519560472792,198.54517770523958,0.000476837158203125,2.384185791015625e-07,0.0007100529513528153
397,7,22,False,1098888.6893324745,1098888.0170316617,1098888.6893324745,2194448.9548444496,1095560.2655119752,0.0,54.77782841902081,0.0,54.778265362258004,15486.525257168778,15486.524568524577,198.54519560472792,198.54518677595613,0.0002384185791015625,1.1920928955078125e-07,0.00035502647567640764
398,7,23,False,1098888.6893324745,1098888.012078525,1098888.6893324745,2194440.4766060603,1095551.7872735858,0.0,54.77740475396968,0.0,54.77784169878384,15486.525257168778,15486.524956417588,198.54519560472792,198.54519174894344,0.00011920928955078125,5.960464477539063e-08,0.00017751323783820382
399,7,24,False,1098888.6893324745,1098888.044795569,1098888.6893324745,2194447.151787346,1095558.4624548717,0.0,54.77773687782428,0.0,54.77817382135344,15486.525257168778,15486.525109779419,198.54519560472792,198.54519371512075,5.9604644775390625e-05,2.9802322387695312e-08,8.875661891910191e-05
400,8,0,False,1131608.4107092053,938945.485136554,1131608.4107092053,7734618.176155151,6603009.765445946,0.0,679.5672691017389,0.0,1.2078852512513446e-10,15947.556432396152,12880.718656955223,199.3444554049519,161.0089832119403,1000.0,0.5,1533.4188877303989
401,8,1,False,1131608.4107092053,1036080.0090423538,1131608.4107092053,3355169.5326977265,2223561.121988521,0.0,231.90895236004144,0.0,5.495811694824635e-09,15947.556432396152,14414.137545209098,199.3444554049519,180.17671931511373,500.0,0.25,766.7094438651994
402,8,2,False,1131608.4107092053,1083000.3370078977,1131608.4107092053,2853074.9117260836,1721466.5010168783,0.0,155.36378729715943,0.0,21.643670174659157,15947.556432396152,15180.846988662795,199.3444554049519,189.76058735828494,250.0,0.125,383.3547219325997
403,8,3,False,1131608.4107092053,1107376.9969598465,1131608.4107092053,1790199.7106895733,658591.299980368,0.0,39.646047494374216,0.0,28.636223878598475,15947.556432396152,15564.201711528704,199.3444554049519,194.5525213941088,125.0,0.0625,191.67736096629986
404,8,4,False,1131608.4107092053,1119510.7280419262,1131608.4107092053,1959797.5120760675,828189.1013668622,0.0,42.32138208184642,0.0,41.7072963215677,15947.556432396152,15755.879074570696,199.3444554049519,196.9484884321337,62.5,0.03125,95.83868048314993
405,8,5,False,1131608.4107092053,1125563.8990930181,1131608.4107092053,2091940.2832287606,960331.8725195553,0.0,48.394803445457,0.0,48.242834968117265,15947.556432396152,15851.717759330306,199.3444554049519,198.14647199162883,31.25,0.015625,47.919340241574965
406,8,6,False,1131608.4107092053,1128587.0767711215,1131608.4107092053,2159177.107208105,1027568.6964988995,0.0,51.54840714503189,0.0,51.51059589866644,15947.556432396152,15899.637095382148,199.3444554049519,198.74546369227684,15.625,0.0078125,23.959670120787482
407,8,7,False,1131608.4107092053,1130097.806545076,1131608.4107092053,2193082.144220046,1061473.7335108405,0.0,53.15394151535838,0.0,53.144492252138555,15947.556432396152,15923.596764247091,199.3444554049519,199.04495955308863,7.8125,0.00390625,11.979835060393741
408,8,8,False,1131608.4107092053,1130852.9620490058,1131608.4107092053,2210105.497818064,1078497.0871088586,0.0,53.96381748015028,0.0,53.96143609675552,15947.556432396152,15935.576598886182,199.3444554049519,199.19470748607728,3.90625,0.001953125,5.989917530196871
409,8,9,False,1131608.4107092053,1131231.2270514688,1131608.4107092053,2218638.9983684365,1087030.5876592312,0.0,54.37069719424926,0.0,54.370079937447535,15947.556432396152,15941.566520988355,199.3444554049519,199.26958151235445,1.953125,0.0009765625,2.9949587650984353
410,8,10,False,1131608.4107092053,1131421.120682021,1131608.4107092053,2222909.2789907246,1091300.8682815193,0.0,54.57449613110566,0.0,54.574319699764715,15947.556432396152,15944.56147856523,199.3444554049519,199.3070184820654,0.9765625,0.00048828125,1.4974793825492176
411,8,11,False,1131608.4107092053,1131516.49613026,1131608.4107092053,2225235.756162932,1093627.3454537268,0.0,54.685993538962975,0.0,54.68593246430426,15947.556432396152,15946.058979728252,199.3444554049519,199.32573724660315,0.48828125,0.000244140625,0.7487396912746088
412,8,12,False,1131608.4107092053,1131563.6063689867,1131608.4107092053,2226155.4975903966,1094547.0868811912,0.0,54.729613768083254,0.0,54.729575354057765,15947.556432396152,15946.807707543374,199.3444554049519,199.33509634429217,0.244140625,0.0001220703125,0.3743698456373044
413,8,13,False,1131608.4107092053,1131587.9010322003,1131608.4107092053,2226914.1644564127,1095305.7537472073,0.0,54.76632830901781,0.0,54.766298033403416,15947.556432396152,15947.182079627399,199.3444554049519,199.33977599534248,0.1220703125,6.103515625e-05,0.1871849228186522
414,8,14,False,1131608.4107092053,1131599.441995418,1131608.4107092053,2227045.374355262,1095436.9636460568,0.0,54.772311563541734,0.0,54.77228167244267,15947.556432396152,15947.369279454533,199.3444554049519,199.34211599318166,0.06103515625,3.0517578125e-05,0.0935924614093261
415,8,15,False,1131608.4107092053,1131605.2559041686,1131608.4107092053,2227142.2881258614,1095533.8774166561,0.0,54.77686648947292,0.0,54.77683673269635,15947.556432396152,15947.462868098199,199.3444554049519,199.34328585122748,0.030517578125,1.52587890625e-05,0.04679623070466305
416,8,16,False,1131608.4107092053,1131608.14665431,1131608.4107092053,2227175.682938365,1095567.2722291595,0.0,54.77839168578157,0.0,54.778361942623945,15947.556432396152,15947.509673914712,199.3444554049519,199.3438709239339,0.0152587890625,7.62939453125e-06,0.023398115352331526
417,8,17,False,1131608.4107092053,1131609.5799052322,1131608.4107092053,2227179.129083696,1095570.7183744905,0.0,54.77849233036795,0.0,54.778462587478415,15947.556432396152,15947.533058615416,199.3444554049519,199.3441632326927,0.00762939453125,3.814697265625e-06,0.011699057676165763
418,8,18,False,1131608.4107092053,1131610.2967770626,1131608.4107092053,2227182.3297194648,1095573.9190102594,0.0,54.77861651861531,0.0,54.7785867756249,15947.556432396152,15947.54475311613,199.3444554049519,199.34430941395163,0.003814697265625,1.9073486328125e-06,0.005849528838082881
419,8,19,False,1131608.4107092053,1131610.6558508943,1131608.4107092053,2227184.428260719,1095576.0175515136,0.0,54.77870349207751,0.0,54.77867374890497,15947.556432396152,15947.550588738255,199.3444554049519,199.34438235922818,0.0019073486328125,9.5367431640625e-07,0.0029247644190414407
420,8,20,False,1131608.4107092053,1131610.83422922,1131608.4107092053,2227185.076898398,1095576.6661891926,0.0,54.77872700506214,0.0,54.77869726185564,15947.556432396152,15947.553526208172,199.3444554049519,199.34441907760214,0.00095367431640625,4.76837158203125e-07,0.0014623822095207204
421,8,21,False,1131608.4107092053,1131610.9240292322,1131608.4107092053,2227185.1775328503,1095576.766823645,0.0,54.77872754676537,0.0,54.77869780359646,15947.556432396152,15947.554987639633,199.3444554049519,199.3444373454954,0.000476837158203125,2.384185791015625e-07,0.0007311911047603602
422,8,22,False,1131608.4107092053,1131610.969270898,1131608.4107092053,2227185.4037397807,1095576.9930305753,0.0,54.77873659504985,0.0,54.77870685183841,15947.556432396152,15947.555719432412,199.3444554049519,199.34444649290515,0.0002384185791015625,1.1920928955078125e-07,0.0003655955523801801
423,8,23,False,1131608.4107092053,1131610.9924184517,1131608.4107092053,2227185.445709849,1095577.0350006435,0.0,54.778737536180415,0.0,54.77870779295932,15947.556432396152,15947.556091635897,199.3444554049519,199.34445114544872,0.00011920928955078125,5.960464477539063e-08,0.00018279777619009004
424,8,24,False,1131608.4107092053,1131611.0033622524,1131608.4107092053,2227185.449732891,1095577.0390236855,0.0,54.77873719014406,0.0,54.77870744691981,15947.556432396152,15947.556264305184,199.3444554049519,199.3444533038148,5.9604644775390625e-05,2.9802322387695312e-08,9.139888809504502e-05
425,9,0,False,1074438.4460758953,890582.0288190971,1074438.4460758953,7675518.6495752,6601080.203499304,0.0,678.4936620756052,0.0,5.072929141146539e-12,15142.090073338135,12230.149674675718,199.23802728076492,160.92302203520683,1000.0,0.5,1455.970199359436
426,9,1,False,1074438.4460758953,982934.2374581787,1074438.4460758953,4391366.670026842,3316928.2239509462,0.0,340.84324325667694,0.0,1.8934557659570767e-10,15142.090073338135,13686.119874146278,199.23802728076492,180.08052465981945,500.0,0.25,727.985099679718
427,9,2,False,1074438.4460758953,1028021.7777437828,1074438.4460758953,2578178.8272563512,1503740.381180456,0.0,155.0157049507834,0.0,4.734381632490451e-10,15142.090073338135,14414.104974229254,199.23802728076492,189.6592759767007,250.0,0.125,363.992549839859
428,9,3,False,1074438.4460758953,1051235.812213238,1074438.4460758953,1698599.8261745186,624161.3800986232,0.0,39.50495632039383,0.0,25.231445075734214,15142.090073338135,14778.097523683833,199.23802728076492,194.44865162741885,125.0,0.0625,181.9962749199295
429,9,4,False,1074438.4460758953,1062851.8234294031,1074438.4460758953,1865085.5304400562,790647.0843641609,0.0,40.218395728420546,0.0,40.00497497264477,15142.090073338135,14960.093799275235,199.23802728076492,196.84333946414782,62.5,0.03125,90.99813745996475
430,9,5,False,1074438.4460758953,1068647.6946318692,1074438.4460758953,2016986.246369484,942547.8002935888,0.0,47.442110034472535,0.0,47.39174513928894,15142.090073338135,15051.091936205305,199.23802728076492,198.04068337112244,31.25,0.015625,45.499068729982376
431,9,6,False,1074438.4460758953,1071542.6021000084,1074438.4460758953,2093366.3960276546,1018927.9499517593,0.0,51.09726583315205,0.0,51.085113559612566,15142.090073338135,15096.591006598474,199.23802728076492,198.63935534997992,15.625,0.0078125,22.749534364991188
432,9,7,False,1074438.4460758953,1072990.5930027836,1074438.4460758953,2131656.0502802962,1057217.604204401,0.0,52.93473382738557,0.0,52.931811900365666,15142.090073338135,15119.340540264491,199.23802728076492,198.93869131926962,7.8125,0.00390625,11.374767182495594
433,9,8,False,1074438.4460758953,1073714.4525927342,1074438.4460758953,2150824.611323466,1076386.1652475707,0.0,53.8558353946255,0.0,53.85518047844767,15142.090073338135,15130.715309681103,199.23802728076492,199.08835933790925,3.90625,0.001953125,5.687383591247797
434,9,9,False,1074438.4460758953,1074076.345945658,1074438.4460758953,2160414.010309929,1085975.5642340337,0.0,54.316929886569596,0.0,54.316836549857534,15142.090073338135,15136.402690871233,199.23802728076492,199.16319330093728,1.953125,0.0009765625,2.8436917956238985
435,9,10,False,1074438.4460758953,1074257.2222725041,1074438.4460758953,2165264.5852829474,1090826.139207052,0.0,54.55034384091368,0.0,54.55039246013065,15142.090073338135,15139.246383599373,199.23802728076492,199.20061031051807,0.9765625,0.00048828125,1.4218458978119493
436,9,11,False,1074438.4460758953,1074346.2745759373,1074438.4460758953,2167607.7875134475,1093169.3414375521,0.0,54.6630350049154,0.0,54.663116288835596,15142.090073338135,15140.668228095115,199.23802728076492,199.2193187907252,0.48828125,0.000244140625,0.7109229489059746
437,9,12,False,1074438.4460758953,1074390.8724684038,1074438.4460758953,2168806.5388248377,1094368.0927489423,0.0,54.72073832375554,0.0,54.72082831188784,15142.090073338135,15141.379152185464,199.23802728076492,199.22867305507188,0.244140625,0.0001220703125,0.3554614744529873
438,9,13,False,1074438.4460758953,1074413.170251835,1074438.4460758953,2169405.6922076773,1094967.246131782,0.0,54.74958001933692,0.0,54.749672176247344,15142.090073338135,15141.734613271637,199.23802728076492,199.23335017462682,0.1220703125,6.103515625e-05,0.17773073722649366
439,9,14,False,1074438.4460758953,1074424.3268015312,1074438.4460758953,2169708.3686237447,1095269.9225478494,0.0,54.76415573801387,0.0,54.76424844420746,15142.090073338135,15141.91234484436,199.23802728076492,199.2356887479521,0.06103515625,3.0517578125e-05,0.08886536861324683
440,9,15,False,1074438.4460758953,1074429.8990229908,1074438.4460758953,2169857.032389242,1095418.5863133469,0.0,54.77131025027302,0.0,54.77140308635213,15142.090073338135,15142.001210770033,199.23802728076492,199.2368580364478,0.030517578125,1.52587890625e-05,0.044432684306623414
441,9,16,False,1074438.4460758953,1074432.6917195565,1074438.4460758953,2169934.9037820934,1095496.457706198,0.0,54.775064168477456,0.0,54.77515703777624,15142.090073338135,15142.04564496599,199.23802728076492,199.23744269692094,0.0152587890625,7.62939453125e-06,0.022216342153311707
442,9,17,False,1074438.4460758953,1074434.1058429133,1074438.4460758953,2169982.80001589,1095544.3539399947,0.0,54.77738826962559,0.0,54.77748114767207,15142.090073338135,15142.067859927956,199.23802728076492,199.23773499905207,0.00762939453125,3.814697265625e-06,0.011108171076655854
443,9,18,False,1074438.4460758953,1074434.8089849935,1074438.4460758953,2170004.8284857166,1095566.3824098213,0.0,54.778454535379296,0.0,54.778547414693,15142.090073338135,15142.07896748074,199.23802728076492,199.23788115106237,0.003814697265625,1.9073486328125e-06,0.005554085538327927
444,9,19,False,1074438.4460758953,1074435.172163036,1074438.4460758953,2170021.646175528,1095583.2000996326,0.0,54.77927726093594,0.0,54.77937014031326,15142.090073338135,15142.084521236373,199.23802728076492,199.2379542267944,0.0019073486328125,9.5367431640625e-07,0.0027770427691639634
445,9,20,False,1074438.4460758953,1074435.3749161474,1074438.4460758953,2170041.6866266034,1095603.240550708,0.0,54.780269146308,0.0,54.780362024737606,15142.090073338135,15142.087300724974,199.23802728076492,199.2379907990128,0.00095367431640625,4.76837158203125e-07,0.0013885213845819817
446,9,21,False,1074438.4460758953,1074435.4536562073,1074438.4460758953,2170039.6995148654,1095601.25343897,0.0,54.78016585372916,0.0,54.78025873213665,15142.090073338135,15142.088688179381,199.23802728076492,199.23800905499186,0.000476837158203125,2.384185791015625e-07,0.0006942606922909908
447,9,22,False,1074438.4460758953,1074435.495274889,1074438.4460758953,2170039.6051124493,1095601.159036554,0.0,54.78015905270286,0.0,54.78025193105319,15142.090073338135,15142.089386319465,199.23802728076492,199.23801824104558,0.0002384185791015625,1.1920928955078125e-07,0.0003471303461454954
448,9,23,False,1074438.4460758953,1074435.5203323937,1074438.4460758953,2170042.2654657415,1095603.8193898462,0.0,54.78029081757995,0.0,54.78038369575484,15142.090073338135,15142.089730833428,199.23802728076492,199.23802277412406,0.00011920928955078125,5.960464477539063e-08,0.0001735651730727477
449,9,24,False,1074438.4460758953,1074435.5390764207,1074438.4460758953,2170046.9460938256,1095608.5000179303,0.0,54.780523911930686,0.0,54.78061678980983,15142.090073338135,15142.089901815656,199.23802728076492,199.2380250238902,5.9604644775390625e-05,2.9802322387695312e-08,8.678258653637386e-05
450,10,0,False,842558.2816545137,699722.1243084024,842558.2816545137,14248056.388148403,13405498.106493888,0.0,1354.7318043918349,0.0,0.10162199216514581,11903.551225280731,9614.406759046917,198.39252042134552,160.24011265078195,1000.0,0.5,1144.5722332000705
451,10,1,False,842558.2816545137,772282.4556035716,842558.2816545137,8221401.348872037,7378843.067217523,0.0,744.8606724645942,0.0,0.051216862252291134,11903.551225280731,10758.97899230985,198.39252042134552,179.31631653849752,500.0,0.25,572.2861166000353
452,10,2,False,842558.2816545137,807707.7201227632,842558.2816545137,4748968.2953350665,3906410.013680553,0.0,394.10004321997985,0.0,0.026014301250484338,11903.551225280731,11331.26510886337,198.39252042134552,188.85441848105617,250.0,0.125,286.14305830001763
453,10,3,False,842558.2816545137,825207.1644901419,842558.2816545137,2897967.7267526994,2055409.4450981857,0.0,207.26264325808734,0.0,0.013412968168429379,11903.551225280731,11617.408168404636,198.39252042134552,193.6234694734106,125.0,0.0625,143.07152915000881
454,10,4,False,842558.2816545137,833903.5721743244,842558.2816545137,1943783.292680438,1101225.0110259242,0.0,110.98085968475789,0.0,0.007112365853452145,11903.551225280731,11760.479696651737,198.39252042134552,196.00799494419562,62.5,0.03125,71.53576457500441
455,10,5,False,842558.2816545137,838238.4580671653,842558.2816545137,1459515.4524531262,616957.1707986125,0.0,62.123737387824804,0.0,0.003962050771288677,11903.551225280731,11832.015461109055,198.39252042134552,197.20025768515092,31.25,0.015625,35.767882287502204
456,10,6,False,842558.2816545137,840402.5725127792,842558.2816545137,1215589.6068320519,373031.3251775382,0.0,37.516316529829055,0.0,0.0023869020982263266,11903.551225280731,11867.783343052928,198.39252042134552,197.79638905088214,15.625,0.0078125,17.883941143751102
457,10,7,False,842558.2816545137,841483.7944600158,842558.2816545137,1093177.5925542251,250619.31089971145,0.0,25.16778048593551,0.0,0.0015993234854266806,11903.551225280731,11885.667284173149,198.39252042134552,198.09445473621915,7.8125,0.00390625,8.941970571875551
458,10,8,False,842558.2816545137,842024.1959655639,842558.2816545137,1025520.8485018444,182962.56684733077,0.0,18.34849997330457,0.0,0.001165280323488911,11903.551225280731,11894.609254834064,198.39252042134552,198.24348758056774,3.90625,0.001953125,4.4709852859377754
459,10,9,False,842558.2816545137,842294.3426792653,842558.2816545137,979429.6995157723,136871.4178612586,0.0,13.712665079161525,0.0,0.0008706044891723611,11903.551225280731,11899.080240175303,198.39252042134552,198.3180040029217,1.953125,0.0009765625,2.2354926429688877
460,10,10,False,842558.2816545137,842429.4010659695,842558.2816545137,956300.528438324,113742.24678381032,0.0,11.3863899349235,0.0,0.000722802311953033,11903.551225280731,11901.315733199855,198.39252042134552,198.3552622199976,0.9765625,0.00048828125,1.1177463214844439
461,10,11,False,842558.2816545137,842495.8427348715,842558.2816545137,922481.7553981983,79923.47374368459,0.0,7.947391105815768,0.0,0.051200160516899004,11903.551225280731,11902.433663161975,198.39252042134552,198.37389438603293,0.48828125,0.000244140625,0.5588731607422219
462,10,12,False,842558.2816545137,842528.7405713778,842558.2816545137,897482.823501704,54924.541847190354,0.0,5.407341921236366,0.0,0.088066371796258,11903.551225280731,11902.993718335247,198.39252042134552,198.38322863892077,0.244140625,0.0001220703125,0.27943658037111097
463,10,13,False,842558.2816545137,842544.0841967479,842558.2816545137,864605.8569600036,22047.57530548994,0.0,2.0736871426925063,0.0,0.1324901336330727,11903.551225280731,11903.27183245662,198.39252042134552,198.387863874277,0.1220703125,6.103515625e-05,0.13971829018555548
464,10,14,False,842558.2816545137,842552.0932065675,842558.2816545137,854314.4337678587,11756.152113344986,0.0,1.0293725514784455,0.0,0.1468615046506758,11903.551225280731,11903.411528842229,198.39252042134552,198.39019214737047,0.06103515625,3.0517578125e-05,0.06985914509277774
465,10,15,False,842558.2816545137,842556.3282502247,842558.2816545137,853856.2554547323,11297.973800218664,0.0,0.9819241631776094,0.0,0.14806855727315327,11903.551225280731,11903.481427752717,198.39252042134552,198.39135712921194,0.030517578125,1.52587890625e-05,0.03492957254638887
466,10,16,False,842558.2816545137,842558.2033588871,842558.2816545137,848659.9127282582,6101.631073744502,0.0,0.4551631207577884,0.0,0.15500781617932322,11903.551225280731,11903.516359071782,198.39252042134552,198.39193931786303,0.0152587890625,7.62939453125e-06,0.017464786273194435
467,10,17,False,842558.2816545137,842559.1759991347,842558.2816545137,846833.8483333776,4275.56667886395,0.0,0.26997495256364346,0.0,0.15749228086064854,11903.551225280731,11903.533795213189,198.39252042134552,198.39222992021982,0.00762939453125,3.814697265625e-06,0.008732393136597218
468,10,18,False,842558.2816545137,842559.6644367956,842558.2816545137,845901.5301442946,3343.2484897809336,0.0,0.17535525420680642,0.0,0.15883131654309304,11903.551225280731,11903.542525305857,198.39252042134552,198.39237542176429,0.003814697265625,1.9073486328125e-06,0.004366196568298609
469,10,19,False,842558.2816545137,842560.035016116,842558.2816545137,848094.584876125,5536.303221611306,0.0,0.39741508662700653,0.0,0.15603989937389276,11903.551225280731,11903.546879815915,198.39252042134552,198.3924479969319,0.0019073486328125,9.5367431640625e-07,0.0021830982841493044
470,10,20,False,842558.2816545137,842560.1609212346,842558.2816545137,847943.3496137079,5385.067959194188,0.0,0.38208584673702717,0.0,0.1562330225103007,11903.551225280731,11903.549067392634,198.39252042134552,198.3924844565439,0.00095367431640625,4.76837158203125e-07,0.0010915491420746522
471,10,21,False,842558.2816545137,842560.145658766,842558.2816545137,846289.2450399587,3730.963385445066,0.0,0.21456740843132138,0.0,0.1583425296879446,11903.551225280731,11903.550136825945,198.39252042134552,198.3925022804324,0.000476837158203125,2.384185791015625e-07,0.0005457745710373261
472,10,22,False,842558.2816545137,842560.129274282,842558.2816545137,845753.0756588845,3194.7940043708077,0.0,0.1596473232975839,0.0,0.1596473151626644,11903.551225280731,11903.550684471007,198.39252042134552,198.39251140785012,0.0002384185791015625,1.1920928955078125e-07,0.00027288728551866305
473,10,23,False,842558.2816545137,842560.1161016043,842558.2816545137,845768.6433887236,3210.3617342099315,0.0,0.1604263696520576,0.0,0.16042635905987057,11903.551225280731,11903.5509557854,198.39252042134552,198.39251592975668,0.00011920928955078125,5.960464477539063e-08,0.00013644364275933153
474,10,24,False,842558.2816545137,842560.107579184,842558.2816545137,845777.4241365069,3219.1424819931854,0.0,0.16086583778142938,0.0,0.16086581795084706,11903.551225280731,11903.551090906169,198.39252042134552,198.39251818176947,5.9604644775390625e-05,2.9802322387695312e-08,6.822182137966576e-05
